{
  "train": {
    "precision": 0.646469465648855,
    "recall": 0.4362524146812621,
    "f1": 0.5209534794309881,
    "roc_auc": 0.993011677598847,
    "aupr": 0.5228508619115838,
    "balanced_accuracy": 0.7180044902125509,
    "mcc": 0.5306748210167931,
    "kappa": 0.5205596505871568,
    "specificity": 0.9997565657438395,
    "threshold": 0.9752261306532664,
    "confusion_matrix": [
      [
        3043202,
        741
      ],
      [
        1751,
        1355
      ]
    ],
    "confusion_matrix_dict": {
      "TN": 3043202,
      "FP": 741,
      "FN": 1751,
      "TP": 1355
    },
    "top_k_metrics": {
      "precision_at_100": 0.99,
      "precision_at_500": 0.94,
      "precision_at_1000": 0.868
    }
  },
  "val": {
    "precision": 0.6125,
    "recall": 0.42567567567567566,
    "f1": 0.5022779043280182,
    "roc_auc": 0.9856805016879161,
    "aupr": 0.4768172965774687,
    "balanced_accuracy": 0.7127003515987813,
    "mcc": 0.5102044186321061,
    "kappa": 0.5018612365748445,
    "specificity": 0.999725027521887,
    "threshold": 0.9752261306532664,
    "confusion_matrix": [
      [
        1014368,
        279
      ],
      [
        595,
        441
      ]
    ],
    "confusion_matrix_dict": {
      "TN": 1014368,
      "FP": 279,
      "FN": 595,
      "TP": 441
    },
    "top_k_metrics": {
      "precision_at_100": 0.96,
      "precision_at_500": 0.732,
      "precision_at_1000": 0.492
    }
  },
  "test": {
    "precision": 0.6184971098265896,
    "recall": 0.41352657004830917,
    "f1": 0.4956572090330052,
    "roc_auc": 0.9848227211287325,
    "aupr": 0.46696070823848335,
    "balanced_accuracy": 0.706633190646597,
    "mcc": 0.5053285215739294,
    "kappa": 0.4952450104072309,
    "specificity": 0.999739811244885,
    "threshold": 0.9752261306532664,
    "confusion_matrix": [
      [
        1014384,
        264
      ],
      [
        607,
        428
      ]
    ],
    "confusion_matrix_dict": {
      "TN": 1014384,
      "FP": 264,
      "FN": 607,
      "TP": 428
    },
    "top_k_metrics": {
      "precision_at_100": 0.95,
      "precision_at_500": 0.734,
      "precision_at_1000": 0.493
    }
  },
  "best_epoch": 163,
  "best_val_aupr": 0.47681729657746874,
  "total_training_time_sec": 9243.960499600042,
  "batch_size": 8192,
  "eval_batch_size": 16384
}