{
  "train": {
    "precision": 0.41051660516605165,
    "recall": 0.3872932985204526,
    "f1": 0.39856695029108824,
    "roc_auc": 0.9894815290671684,
    "aupr": 0.3901708882917104,
    "balanced_accuracy": 0.6934367798817451,
    "mcc": 0.39829527247212654,
    "kappa": 0.3981262467442549,
    "specificity": 0.9995802612430376,
    "threshold": 0.9456783919597991,
    "confusion_matrix": [
      [
        3043473,
        1278
      ],
      [
        1408,
        890
      ]
    ],
    "confusion_matrix_dict": {
      "TN": 3043473,
      "FP": 1278,
      "FN": 1408,
      "TP": 890
    },
    "top_k_metrics": {
      "precision_at_100": 0.98,
      "precision_at_500": 0.786,
      "precision_at_1000": 0.605
    }
  },
  "val": {
    "precision": 0.4582172701949861,
    "recall": 0.30406654343807765,
    "f1": 0.3655555555555556,
    "roc_auc": 0.9832465514825791,
    "aupr": 0.340441588267486,
    "balanced_accuracy": 0.6518415707449613,
    "mcc": 0.3727298731428914,
    "kappa": 0.3650159034692513,
    "specificity": 0.999616598051845,
    "threshold": 0.9506030150753769,
    "confusion_matrix": [
      [
        1014212,
        389
      ],
      [
        753,
        329
      ]
    ],
    "confusion_matrix_dict": {
      "TN": 1014212,
      "FP": 389,
      "FN": 753,
      "TP": 329
    },
    "top_k_metrics": {
      "precision_at_100": 0.94,
      "precision_at_500": 0.576,
      "precision_at_1000": 0.368
    }
  },
  "test": {
    "precision": 0.5,
    "recall": 0.4073455759599332,
    "f1": 0.44894204231830726,
    "roc_auc": 0.984359832948986,
    "aupr": 0.4424496827346299,
    "balanced_accuracy": 0.7033118006500301,
    "mcc": 0.4504273723743012,
    "kappa": 0.44806524763577293,
    "specificity": 0.999278025340127,
    "threshold": 0.9358291457286433,
    "confusion_matrix": [
      [
        1013154,
        732
      ],
      [
        1065,
        732
      ]
    ],
    "confusion_matrix_dict": {
      "TN": 1013154,
      "FP": 732,
      "FN": 1065,
      "TP": 732
    },
    "top_k_metrics": {
      "precision_at_100": 0.98,
      "precision_at_500": 0.812,
      "precision_at_1000": 0.608
    }
  },
  "best_epoch": 70,
  "best_val_aupr": 0.340441588267486,
  "total_training_time_sec": 1863.5645873999965,
  "batch_size": 8192,
  "eval_batch_size": 16384
}