{
  "train": {
    "precision": 0.6208260105448155,
    "recall": 0.45492594977462975,
    "f1": 0.5250836120401338,
    "roc_auc": 0.9930997642400048,
    "aupr": 0.5309430279641632,
    "balanced_accuracy": 0.7273212179621688,
    "mcc": 0.5310377130349978,
    "kappa": 0.5246738116988752,
    "specificity": 0.9997164861497078,
    "threshold": 0.9703015075376885,
    "confusion_matrix": [
      [
        3043080,
        863
      ],
      [
        1693,
        1413
      ]
    ],
    "confusion_matrix_dict": {
      "TN": 3043080,
      "FP": 863,
      "FN": 1693,
      "TP": 1413
    },
    "top_k_metrics": {
      "precision_at_100": 1.0,
      "precision_at_500": 0.942,
      "precision_at_1000": 0.87
    }
  },
  "val": {
    "precision": 0.5838587641866331,
    "recall": 0.4469111969111969,
    "f1": 0.5062875888463642,
    "roc_auc": 0.9856942610617041,
    "aupr": 0.4798076163474052,
    "balanced_accuracy": 0.7232929803233811,
    "mcc": 0.5103831773153686,
    "kappa": 0.5058505204629598,
    "specificity": 0.9996747637355652,
    "threshold": 0.9703015075376885,
    "confusion_matrix": [
      [
        1014317,
        330
      ],
      [
        573,
        463
      ]
    ],
    "confusion_matrix_dict": {
      "TN": 1014317,
      "FP": 330,
      "FN": 573,
      "TP": 463
    },
    "top_k_metrics": {
      "precision_at_100": 0.97,
      "precision_at_500": 0.726,
      "precision_at_1000": 0.494
    }
  },
  "test": {
    "precision": 0.5752330226364847,
    "recall": 0.41739130434782606,
    "f1": 0.48376259798432253,
    "roc_auc": 0.9844556025464599,
    "aupr": 0.47117530704762467,
    "balanced_accuracy": 0.7085384548010311,
    "mcc": 0.48955961242180623,
    "kappa": 0.48331981344104546,
    "specificity": 0.999685605254236,
    "threshold": 0.9703015075376885,
    "confusion_matrix": [
      [
        1014329,
        319
      ],
      [
        603,
        432
      ]
    ],
    "confusion_matrix_dict": {
      "TN": 1014329,
      "FP": 319,
      "FN": 603,
      "TP": 432
    },
    "top_k_metrics": {
      "precision_at_100": 0.96,
      "precision_at_500": 0.73,
      "precision_at_1000": 0.489
    }
  },
  "best_epoch": 163,
  "best_val_aupr": 0.4798076161353293,
  "total_training_time_sec": 10538.001477000013,
  "batch_size": 8192,
  "eval_batch_size": 16384
}