{
  "train": {
    "precision": 0.14928324270884824,
    "recall": 0.2628372497824195,
    "f1": 0.19041614123581338,
    "roc_auc": 0.9775033540087218,
    "aupr": 0.1152403992079172,
    "balanced_accuracy": 0.6308533898358637,
    "mcc": 0.19728848918368821,
    "kappa": 0.18963659279418266,
    "specificity": 0.9988695298893079,
    "threshold": 0.8915075376884423,
    "confusion_matrix": [
      [
        3041309,
        3442
      ],
      [
        1694,
        604
      ]
    ],
    "confusion_matrix_dict": {
      "TN": 3041309,
      "FP": 3442,
      "FN": 1694,
      "TP": 604
    },
    "top_k_metrics": {
      "precision_at_100": 0.57,
      "precision_at_500": 0.34,
      "precision_at_1000": 0.262
    }
  },
  "val": {
    "precision": 0.18760064412238325,
    "recall": 0.21534195933456562,
    "f1": 0.20051635111876076,
    "roc_auc": 0.9763095165783835,
    "aupr": 0.14534790357112798,
    "balanced_accuracy": 0.6071737398656268,
    "mcc": 0.2000808207463786,
    "kappa": 0.1996049933172067,
    "specificity": 0.999005520396688,
    "threshold": 0.9161306532663317,
    "confusion_matrix": [
      [
        1013592,
        1009
      ],
      [
        849,
        233
      ]
    ],
    "confusion_matrix_dict": {
      "TN": 1013592,
      "FP": 1009,
      "FN": 849,
      "TP": 233
    },
    "top_k_metrics": {
      "precision_at_100": 0.55,
      "precision_at_500": 0.292,
      "precision_at_1000": 0.206
    }
  },
  "test": {
    "precision": 0.32181818181818184,
    "recall": 0.29549248747913187,
    "f1": 0.30809399477806787,
    "roc_auc": 0.9817092724660204,
    "aupr": 0.25528157057414347,
    "balanced_accuracy": 0.6471944065507695,
    "mcc": 0.3072004785336397,
    "kappa": 0.30692005482746676,
    "specificity": 0.9988963256224073,
    "threshold": 0.9210552763819095,
    "confusion_matrix": [
      [
        1012767,
        1119
      ],
      [
        1266,
        531
      ]
    ],
    "confusion_matrix_dict": {
      "TN": 1012767,
      "FP": 1119,
      "FN": 1266,
      "TP": 531
    },
    "top_k_metrics": {
      "precision_at_100": 0.75,
      "precision_at_500": 0.52,
      "precision_at_1000": 0.401
    }
  },
  "best_epoch": 19,
  "best_val_aupr": 0.14534790357112798,
  "total_training_time_sec": 753.3520320000025,
  "batch_size": 8192,
  "eval_batch_size": 16384
}