{
  "train": {
    "precision": 0.7568608570052962,
    "recall": 0.6840731070496083,
    "f1": 0.7186285714285714,
    "roc_auc": 0.9913440035701111,
    "aupr": 0.7071951318108785,
    "balanced_accuracy": 0.8419536239190664,
    "mcc": 0.7193466233690119,
    "kappa": 0.7184269437658781,
    "specificity": 0.9998341407885243,
    "threshold": 0.9161306532663317,
    "confusion_matrix": [
      [
        3044246,
        505
      ],
      [
        726,
        1572
      ]
    ],
    "confusion_matrix_dict": {
      "TN": 3044246,
      "FP": 505,
      "FN": 726,
      "TP": 1572
    },
    "top_k_metrics": {
      "precision_at_100": 0.99,
      "precision_at_500": 0.94,
      "precision_at_1000": 0.895
    }
  },
  "val": {
    "precision": 0.502,
    "recall": 0.23197781885397412,
    "f1": 0.3173198482932996,
    "roc_auc": 0.9783611421246512,
    "aupr": 0.2867926841269175,
    "balanced_accuracy": 0.615866201091395,
    "mcc": 0.3407931576870054,
    "kappa": 0.3168598328415052,
    "specificity": 0.999754583328816,
    "threshold": 0.9456783919597991,
    "confusion_matrix": [
      [
        1014352,
        249
      ],
      [
        831,
        251
      ]
    ],
    "confusion_matrix_dict": {
      "TN": 1014352,
      "FP": 249,
      "FN": 831,
      "TP": 251
    },
    "top_k_metrics": {
      "precision_at_100": 0.92,
      "precision_at_500": 0.502,
      "precision_at_1000": 0.324
    }
  },
  "test": {
    "precision": 0.3871158392434988,
    "recall": 0.36449638286032277,
    "f1": 0.3754657494984236,
    "roc_auc": 0.9817101841250316,
    "aupr": 0.3346467658312615,
    "balanced_accuracy": 0.6817367927127513,
    "mcc": 0.3745624414952059,
    "kappa": 0.3743922015848219,
    "specificity": 0.99897720256518,
    "threshold": 0.9062814070351759,
    "confusion_matrix": [
      [
        1012849,
        1037
      ],
      [
        1142,
        655
      ]
    ],
    "confusion_matrix_dict": {
      "TN": 1012849,
      "FP": 1037,
      "FN": 1142,
      "TP": 655
    },
    "top_k_metrics": {
      "precision_at_100": 0.91,
      "precision_at_500": 0.626,
      "precision_at_1000": 0.486
    }
  },
  "best_epoch": 82,
  "best_val_aupr": 0.2867926841269175,
  "total_training_time_sec": 2150.6672643000056,
  "batch_size": 8192,
  "eval_batch_size": 16384
}