{
  "train": {
    "precision": 0.6107569721115538,
    "recall": 0.6671018276762402,
    "f1": 0.6376871880199667,
    "roc_auc": 0.9915842684652727,
    "aupr": 0.6370350952627709,
    "balanced_accuracy": 0.8333904737889994,
    "mcc": 0.638023174221444,
    "kappa": 0.6374016686047164,
    "specificity": 0.9996791199017588,
    "threshold": 0.9210552763819095,
    "confusion_matrix": [
      [
        3043774,
        977
      ],
      [
        765,
        1533
      ]
    ],
    "confusion_matrix_dict": {
      "TN": 3043774,
      "FP": 977,
      "FN": 765,
      "TP": 1533
    },
    "top_k_metrics": {
      "precision_at_100": 1.0,
      "precision_at_500": 0.936,
      "precision_at_1000": 0.827
    }
  },
  "val": {
    "precision": 0.55,
    "recall": 0.31515711645101663,
    "f1": 0.4007050528789659,
    "roc_auc": 0.9784238672182582,
    "aupr": 0.37506845028801605,
    "balanced_accuracy": 0.657441065753098,
    "mcc": 0.41587895730424784,
    "kappa": 0.4002395643104769,
    "specificity": 0.9997250150551793,
    "threshold": 0.9309045226130653,
    "confusion_matrix": [
      [
        1014322,
        279
      ],
      [
        741,
        341
      ]
    ],
    "confusion_matrix_dict": {
      "TN": 1014322,
      "FP": 279,
      "FN": 741,
      "TP": 341
    },
    "top_k_metrics": {
      "precision_at_100": 0.98,
      "precision_at_500": 0.618,
      "precision_at_1000": 0.404
    }
  },
  "test": {
    "precision": 0.4666666666666667,
    "recall": 0.44407345575959933,
    "f1": 0.4550898203592814,
    "roc_auc": 0.9814394071282871,
    "aupr": 0.4476645089366548,
    "balanced_accuracy": 0.7215869731736493,
    "mcc": 0.45428832094874677,
    "kappa": 0.4541480280984306,
    "specificity": 0.9991004905876992,
    "threshold": 0.8816582914572865,
    "confusion_matrix": [
      [
        1012974,
        912
      ],
      [
        999,
        798
      ]
    ],
    "confusion_matrix_dict": {
      "TN": 1012974,
      "FP": 912,
      "FN": 999,
      "TP": 798
    },
    "top_k_metrics": {
      "precision_at_100": 0.95,
      "precision_at_500": 0.804,
      "precision_at_1000": 0.611
    }
  },
  "best_epoch": 90,
  "best_val_aupr": 0.37506845028801605,
  "total_training_time_sec": 2262.5365581000005,
  "batch_size": 8192,
  "eval_batch_size": 16384
}