{
  "train": {
    "precision": 0.5721854304635762,
    "recall": 0.4172569220862846,
    "f1": 0.4825916961459691,
    "roc_auc": 0.9896912038767446,
    "aupr": 0.471851247247579,
    "balanced_accuracy": 0.7084692924910374,
    "mcc": 0.48817858487248855,
    "kappa": 0.4821464788820531,
    "specificity": 0.9996816628957901,
    "threshold": 0.9604522613065327,
    "confusion_matrix": [
      [
        3042974,
        969
      ],
      [
        1810,
        1296
      ]
    ],
    "confusion_matrix_dict": {
      "TN": 3042974,
      "FP": 969,
      "FN": 1810,
      "TP": 1296
    },
    "top_k_metrics": {
      "precision_at_100": 0.98,
      "precision_at_500": 0.916,
      "precision_at_1000": 0.815
    }
  },
  "val": {
    "precision": 0.5752461322081576,
    "recall": 0.3947876447876448,
    "f1": 0.4682312535775615,
    "roc_auc": 0.9849738434242454,
    "aupr": 0.42714277482456037,
    "balanced_accuracy": 0.6972450021637325,
    "mcc": 0.4761146422628083,
    "kappa": 0.46778938634736134,
    "specificity": 0.9997023595398202,
    "threshold": 0.9653768844221106,
    "confusion_matrix": [
      [
        1014345,
        302
      ],
      [
        627,
        409
      ]
    ],
    "confusion_matrix_dict": {
      "TN": 1014345,
      "FP": 302,
      "FN": 627,
      "TP": 409
    },
    "top_k_metrics": {
      "precision_at_100": 0.9,
      "precision_at_500": 0.664,
      "precision_at_1000": 0.46
    }
  },
  "test": {
    "precision": 0.5315315315315315,
    "recall": 0.39903381642512076,
    "f1": 0.45584988962472406,
    "roc_auc": 0.9848669257927273,
    "aupr": 0.4259403123791698,
    "balanced_accuracy": 0.6993375356616855,
    "mcc": 0.4600696005932339,
    "kappa": 0.4553739263800488,
    "specificity": 0.9996412548982504,
    "threshold": 0.9604522613065327,
    "confusion_matrix": [
      [
        1014284,
        364
      ],
      [
        622,
        413
      ]
    ],
    "confusion_matrix_dict": {
      "TN": 1014284,
      "FP": 364,
      "FN": 622,
      "TP": 413
    },
    "top_k_metrics": {
      "precision_at_100": 0.92,
      "precision_at_500": 0.65,
      "precision_at_1000": 0.457
    }
  },
  "best_epoch": 343,
  "best_val_aupr": 0.42714277482456037,
  "total_training_time_sec": 19163.593345400004,
  "batch_size": 8192,
  "eval_batch_size": 16384
}