{
  "edge_attr_means": [
    9.958566238310596e-08,
    -1.218985653395066e-05,
    -4.4997429426985036e-07,
    -2.1312784781457594e-07,
    1.5380958018340607e-07,
    -6.814274229327566e-07,
    0.0,
    2.3440969698640401e-07,
    1.7710526378778013e-07,
    7.57649019078599e-08,
    -6.299640062934486e-07,
    0.0,
    -0.0018631151178851724,
    -5.216048393208439e-08,
    -3.865163833438601e-08,
    -0.0022968300618231297,
    -1.7306102506609022e-07,
    -1.3041923807577405e-07,
    2.53350922463369e-08,
    1.1810773514753237e-07,
    0.0,
    -6.574624421773478e-06,
    -8.15338054849235e-08,
    -0.0085044726729393,
    -0.007684231270104647,
    -0.012558644637465477,
    -0.01256952341645956,
    -1.8019403569269343e-07,
    -0.014594579115509987,
    -1.4383793711658655e-07,
    -2.0220720671204617e-06,
    -6.814274229327566e-07,
    1.1810773514753237e-07,
    -1.980656172406725e-08,
    -0.0027364769484847784,
    -0.004557947628200054,
    -7.463516027428341e-08,
    1.8277201974115087e-08
  ],
  "edge_attr_stds": [
    0.9999956488609314,
    0.9998680949211121,
    0.9999962449073792,
    0.9999997019767761,
    0.9999962449073792,
    0.9999948143959045,
    0.0,
    0.9999943971633911,
    0.9999969601631165,
    0.9999976754188538,
    1.000002384185791,
    0.0,
    0.9422721266746521,
    0.9999969601631165,
    0.9999945163726807,
    0.931440532207489,
    0.9999954700469971,
    0.9999997615814209,
    0.9999953508377075,
    0.9999954700469971,
    0.0,
    0.9999246597290039,
    0.9999996423721313,
    0.24173963069915771,
    0.18192648887634277,
    0.4961645007133484,
    0.49744075536727905,
    0.9999959468841553,
    0.20442600548267365,
    0.999994158744812,
    0.9999901652336121,
    0.9999948143959045,
    0.9999954700469971,
    0.9999996423721313,
    0.1465693712234497,
    0.17656473815441132,
    0.9999997019767761,
    1.0000003576278687
  ],
  "edge_attr_mins": [
    -0.27468329668045044,
    -0.37835514545440674,
    -1.47121000289917,
    -0.24579305946826935,
    -0.29292041063308716,
    -1.90004301071167,
    0.0,
    -2.3105084896087646,
    -2.519066333770752,
    -1.1785989999771118,
    -0.3741370439529419,
    0.0,
    -0.627144992351532,
    -0.38693973422050476,
    -1.222713589668274,
    -0.3213265538215637,
    -0.27281802892684937,
    -0.2771005630493164,
    -0.33246415853500366,
    -0.2613254189491272,
    0.0,
    -1.0862805843353271,
    -1.3239902257919312,
    -0.021295081824064255,
    -0.015689099207520485,
    -0.3157864809036255,
    -0.2883613705635071,
    -1.3944767713546753,
    -0.029006460681557655,
    -2.178828239440918,
    -0.48353517055511475,
    -1.90004301071167,
    -0.2613254189491272,
    -1.3219259977340698,
    -0.009737804532051086,
    -0.01757439412176609,
    -0.23898190259933472,
    -0.24925360083580017
  ],
  "edge_attr_maxs": [
    4.189590930938721,
    10.0,
    2.0095391273498535,
    6.601936340332031,
    3.8396666049957275,
    2.3348641395568848,
    0.0,
    3.059666633605957,
    0.39697006344795227,
    0.8484587669372559,
    2.6728227138519287,
    0.0,
    10.0,
    2.5843660831451416,
    4.61154842376709,
    10.0,
    4.189642429351807,
    5.965854167938232,
    3.6543185710906982,
    4.175695419311523,
    0.0,
    10.0,
    4.320590019226074,
    10.0,
    10.0,
    10.0,
    10.0,
    2.502117156982422,
    10.0,
    3.2019643783569336,
    4.222320079803467,
    2.3348641395568848,
    4.175695419311523,
    4.31282377243042,
    10.0,
    10.0,
    6.37923526763916,
    4.819082260131836
  ],
  "edge_attr_cols": [
    "RAT_combined_burst",
    "RAT_dst_amount_z_pos",
    "RAT_dst_burst_norm",
    "RAT_dst_entity_accounts",
    "RAT_dst_entity_acct_norm",
    "RAT_dst_in_deg_norm",
    "RAT_dst_pattern_flag",
    "RAT_guardian_weakness_score",
    "RAT_is_cross_bank",
    "RAT_is_off_hours",
    "RAT_is_weekend",
    "RAT_mutual_flag",
    "RAT_offender_score",
    "RAT_same_entity",
    "RAT_score",
    "RAT_src_amount_z_pos",
    "RAT_src_burst_norm",
    "RAT_src_entity_accounts",
    "RAT_src_entity_acct_norm",
    "RAT_src_out_deg_norm",
    "RAT_src_pattern_flag",
    "RAT_target_score",
    "dst_age_days",
    "dst_amt_mean",
    "dst_amt_std",
    "dst_day_tx_count",
    "dst_in_degree",
    "dst_out_deg_norm",
    "dst_out_degree",
    "motif_chain",
    "motif_cycle",
    "motif_fanin",
    "motif_fanout",
    "src_age_days",
    "src_amt_mean",
    "src_amt_std",
    "src_day_tx_count",
    "src_out_degree"
  ]
}