{
  "edge_attr_means": [
    0.06178144919038349,
    0.3002289715914878,
    0.5051460357293307,
    281.65571443058514,
    0.07131504660165336,
    0.5405517647156427,
    0.0,
    0.39714022378315944,
    0.8638665804192843,
    0.5814333802968052,
    0.12279028003816152,
    1.0,
    0.16453515839699945,
    0.13022547389293707,
    0.20957466284568724,
    0.26147427965590714,
    0.061262388862388446,
    348.05492993384746,
    0.08375664394549742,
    0.05900300621486577,
    0.0,
    0.32547247562741277,
    4.143396330286739,
    5988644.26568704,
    15909226.614812585,
    4.059278140916014,
    3.8348787958447663,
    0.3578706529935614,
    6.7184095825173795,
    0.40492695913981236,
    0.5514239331743447,
    0.5405517647156427,
    0.05900300621486577,
    4.146759950661043,
    4509211.224727027,
    14971350.19119768,
    952.9961255627986,
    700.7621444879948
  ],
  "edge_attr_stds": [
    0.2239393979545943,
    0.7935098610930801,
    0.2462514694747899,
    1141.8381295203892,
    0.2418651068108331,
    0.1967761962226111,
    0.0,
    0.17186004345462885,
    0.3429301848102269,
    0.49332403607916525,
    0.32819632412065713,
    0.0,
    0.2623547055000315,
    0.33655133314592145,
    0.17140029617865996,
    0.8137322381402642,
    0.2240604631528206,
    1252.4514444915762,
    0.25072790136847306,
    0.22534995674282726,
    0.0,
    0.2996200420930125,
    3.129476395154541,
    281222072.38351446,
    1014030339.728055,
    9.68780235787497,
    9.830996845754328,
    0.25663330080846136,
    231.61780118997837,
    0.18584518261631225,
    0.10623818685630218,
    0.1967761962226111,
    0.22534995674282726,
    3.1369073968668677,
    463062379.16941637,
    851884382.5526307,
    3983.5491690165795,
    2807.4305591399707
  ],
  "edge_attr_mins": [
    0.0002687449741642922,
    0.0,
    0.1428571492433548,
    1.0,
    0.0004675081872846931,
    0.1666666716337204,
    0.0,
    5.3748990467283875e-05,
    0.0,
    0.0,
    0.0,
    1.0,
    0.0,
    0.0,
    0.0,
    0.0,
    0.00013440860493574291,
    1.0,
    0.00039824770647101104,
    0.00011304544750601053,
    0.0,
    0.0,
    0.0,
    1e-06,
    0.0,
    1.0,
    1.0,
    0.0,
    0.0,
    0.0,
    0.5000537633895874,
    0.1666666716337204,
    0.00011304544750601053,
    0.0,
    1e-06,
    0.0,
    1.0,
    1.0
  ],
  "edge_attr_maxs": [
    1.0,
    11.9141845703125,
    1.0,
    7820.0,
    1.0,
    1.0,
    0.0,
    0.9229776859283447,
    1.0,
    1.0,
    1.0,
    1.0,
    60.28111267089844,
    1.0,
    1.0,
    199.60292053222656,
    1.0,
    7820.0,
    1.0,
    1.0,
    0.0,
    4.569881439208984,
    17.664583206176758,
    55034060429.68592,
    166409535930.37595,
    539.0,
    545.0,
    1.0,
    14230.0,
    1.0,
    1.0,
    1.0,
    1.0,
    17.67569351196289,
    530661110005.705,
    729226853718.6317,
    26365.0,
    14230.0
  ],
  "edge_attr_cols": [
    "RAT_combined_burst",
    "RAT_dst_amount_z_pos",
    "RAT_dst_burst_norm",
    "RAT_dst_entity_accounts",
    "RAT_dst_entity_acct_norm",
    "RAT_dst_in_deg_norm",
    "RAT_dst_pattern_flag",
    "RAT_guardian_weakness_score",
    "RAT_is_cross_bank",
    "RAT_is_off_hours",
    "RAT_is_weekend",
    "RAT_mutual_flag",
    "RAT_offender_score",
    "RAT_same_entity",
    "RAT_score",
    "RAT_src_amount_z_pos",
    "RAT_src_burst_norm",
    "RAT_src_entity_accounts",
    "RAT_src_entity_acct_norm",
    "RAT_src_out_deg_norm",
    "RAT_src_pattern_flag",
    "RAT_target_score",
    "dst_age_days",
    "dst_amt_mean",
    "dst_amt_std",
    "dst_day_tx_count",
    "dst_in_degree",
    "dst_out_deg_norm",
    "dst_out_degree",
    "motif_chain",
    "motif_cycle",
    "motif_fanin",
    "motif_fanout",
    "src_age_days",
    "src_amt_mean",
    "src_amt_std",
    "src_day_tx_count",
    "src_out_degree"
  ]
}