{
  "train": {
    "precision": 0.2895805142083897,
    "recall": 0.2793733681462141,
    "f1": 0.2843853820598007,
    "roc_auc": 0.9833578678880788,
    "aupr": 0.23567863816452891,
    "balanced_accuracy": 0.6394280422334295,
    "mcc": 0.2839007330215006,
    "kappa": 0.28385497475121235,
    "specificity": 0.9994827163206449,
    "threshold": 0.9506030150753769,
    "confusion_matrix": [
      [
        3043176,
        1575
      ],
      [
        1656,
        642
      ]
    ],
    "confusion_matrix_dict": {
      "TN": 3043176,
      "FP": 1575,
      "FN": 1656,
      "TP": 642
    },
    "top_k_metrics": {
      "precision_at_100": 0.91,
      "precision_at_500": 0.598,
      "precision_at_1000": 0.436
    }
  },
  "val": {
    "precision": 0.39707835325365204,
    "recall": 0.27634011090573013,
    "f1": 0.32588555858310625,
    "roc_auc": 0.9823855021299805,
    "aupr": 0.28042686171255526,
    "balanced_accuracy": 0.6379463221823479,
    "mcc": 0.33066319836288754,
    "kappa": 0.3252956679783894,
    "specificity": 0.9995525334589657,
    "threshold": 0.9456783919597991,
    "confusion_matrix": [
      [
        1014147,
        454
      ],
      [
        783,
        299
      ]
    ],
    "confusion_matrix_dict": {
      "TN": 1014147,
      "FP": 454,
      "FN": 783,
      "TP": 299
    },
    "top_k_metrics": {
      "precision_at_100": 0.83,
      "precision_at_500": 0.494,
      "precision_at_1000": 0.335
    }
  },
  "test": {
    "precision": 0.469937802349689,
    "recall": 0.3784084585420145,
    "f1": 0.4192355117139334,
    "roc_auc": 0.9863222283682639,
    "aupr": 0.3949061552207427,
    "balanced_accuracy": 0.6888259816179181,
    "mcc": 0.42078143661172135,
    "kappa": 0.41831740398229855,
    "specificity": 0.9992435046938216,
    "threshold": 0.9456783919597991,
    "confusion_matrix": [
      [
        1013119,
        767
      ],
      [
        1117,
        680
      ]
    ],
    "confusion_matrix_dict": {
      "TN": 1013119,
      "FP": 767,
      "FN": 1117,
      "TP": 680
    },
    "top_k_metrics": {
      "precision_at_100": 0.93,
      "precision_at_500": 0.726,
      "precision_at_1000": 0.554
    }
  },
  "best_epoch": 36,
  "best_val_aupr": 0.28042686171255526,
  "total_training_time_sec": 1123.1163005999988,
  "batch_size": 8192,
  "eval_batch_size": 16384
}