{
  "train": {
    "precision": 0.3802329241422726,
    "recall": 0.38892466194462333,
    "f1": 0.3845296832723221,
    "roc_auc": 0.9856688169719418,
    "aupr": 0.3427247175498995,
    "balanced_accuracy": 0.6941388973258166,
    "mcc": 0.3839191166051377,
    "kappa": 0.3838945524355656,
    "specificity": 0.9993531327070099,
    "threshold": 0.9358291457286433,
    "confusion_matrix": [
      [
        3041932,
        1969
      ],
      [
        1898,
        1208
      ]
    ],
    "confusion_matrix_dict": {
      "TN": 3041932,
      "FP": 1969,
      "FN": 1898,
      "TP": 1208
    },
    "top_k_metrics": {
      "precision_at_100": 0.91,
      "precision_at_500": 0.774,
      "precision_at_1000": 0.651
    }
  },
  "val": {
    "precision": 0.44519621109607577,
    "recall": 0.31756756756756754,
    "f1": 0.37070422535211267,
    "roc_auc": 0.9825896379323826,
    "aupr": 0.3262259165256031,
    "balanced_accuracy": 0.6585817402862827,
    "mcc": 0.37547176171152685,
    "kappa": 0.3701692823966952,
    "specificity": 0.9995959130049978,
    "threshold": 0.9555276381909548,
    "confusion_matrix": [
      [
        1014223,
        410
      ],
      [
        707,
        329
      ]
    ],
    "confusion_matrix_dict": {
      "TN": 1014223,
      "FP": 410,
      "FN": 707,
      "TP": 329
    },
    "top_k_metrics": {
      "precision_at_100": 0.89,
      "precision_at_500": 0.534,
      "precision_at_1000": 0.368
    }
  },
  "test": {
    "precision": 0.42988204456094364,
    "recall": 0.3169082125603865,
    "f1": 0.36484983314794217,
    "roc_auc": 0.9790448566022985,
    "aupr": 0.30779949395420103,
    "balanced_accuracy": 0.6582397432685063,
    "mcc": 0.36854902521198163,
    "kappa": 0.3643000325751471,
    "specificity": 0.999571273976626,
    "threshold": 0.9555276381909548,
    "confusion_matrix": [
      [
        1014199,
        435
      ],
      [
        707,
        328
      ]
    ],
    "confusion_matrix_dict": {
      "TN": 1014199,
      "FP": 435,
      "FN": 707,
      "TP": 328
    },
    "top_k_metrics": {
      "precision_at_100": 0.89,
      "precision_at_500": 0.54,
      "precision_at_1000": 0.364
    }
  },
  "best_epoch": 463,
  "best_val_aupr": 0.32622591652560307,
  "total_training_time_sec": 23919.266415199963,
  "batch_size": 8192,
  "eval_batch_size": 16384
}