{
  "train": {
    "precision": 0.0012100620865458298,
    "recall": 0.5978750804893754,
    "f1": 0.002415235885436921,
    "roc_auc": 0.5328193318924545,
    "aupr": 0.0011346984064849867,
    "balanced_accuracy": 0.5471594765034556,
    "mcc": 0.006019814223494104,
    "kappa": 0.0003814078791021247,
    "specificity": 0.4964438725175359,
    "threshold": 0.99,
    "confusion_matrix": [
      [
        1511126,
        1532775
      ],
      [
        1249,
        1857
      ]
    ],
    "confusion_matrix_dict": {
      "TN": 1511126,
      "FP": 1532775,
      "FN": 1249,
      "TP": 1857
    },
    "top_k_metrics": {
      "precision_at_100": 0.0,
      "precision_at_500": 0.0,
      "precision_at_1000": 0.001
    }
  },
  "val": {
    "precision": 0.001205355921872619,
    "recall": 0.5955598455598455,
    "f1": 0.0024058426493123656,
    "roc_auc": 0.5304163509344595,
    "aupr": 0.0011259886309559616,
    "balanced_accuracy": 0.5458341453411838,
    "mcc": 0.005852549495206746,
    "kappa": 0.0003706831267989985,
    "specificity": 0.4961084451225221,
    "threshold": 0.99,
    "confusion_matrix": [
      [
        503368,
        511265
      ],
      [
        419,
        617
      ]
    ],
    "confusion_matrix_dict": {
      "TN": 503368,
      "FP": 511265,
      "FN": 419,
      "TP": 617
    },
    "top_k_metrics": {
      "precision_at_100": 0.0,
      "precision_at_500": 0.0,
      "precision_at_1000": 0.0
    }
  },
  "test": {
    "precision": 0.0012327521973027693,
    "recall": 0.6106280193236715,
    "f1": 0.0024605369966264946,
    "roc_auc": 0.5382721999876989,
    "aupr": 0.0011449023128109201,
    "balanced_accuracy": 0.5529855838452359,
    "mcc": 0.006762544249861671,
    "kappa": 0.00042744706727915194,
    "specificity": 0.49534314836680027,
    "threshold": 0.99,
    "confusion_matrix": [
      [
        502592,
        512042
      ],
      [
        403,
        632
      ]
    ],
    "confusion_matrix_dict": {
      "TN": 502592,
      "FP": 512042,
      "FN": 403,
      "TP": 632
    },
    "top_k_metrics": {
      "precision_at_100": 0.0,
      "precision_at_500": 0.0,
      "precision_at_1000": 0.004
    }
  },
  "best_epoch": 1,
  "best_val_aupr": 0.0011259886309559616,
  "total_training_time_sec": 94.12382049998268
}