{
  "train": {
    "precision": 0.5884034299714169,
    "recall": 0.4639407598197038,
    "f1": 0.5188118811881188,
    "roc_auc": 0.9923775426609457,
    "aupr": 0.5160131719059584,
    "balanced_accuracy": 0.7318048051931111,
    "mcc": 0.5220497589239431,
    "kappa": 0.5183790065516175,
    "specificity": 0.9996688505665184,
    "threshold": 0.9752261306532664,
    "confusion_matrix": [
      [
        3042935,
        1008
      ],
      [
        1665,
        1441
      ]
    ],
    "confusion_matrix_dict": {
      "TN": 3042935,
      "FP": 1008,
      "FN": 1665,
      "TP": 1441
    },
    "top_k_metrics": {
      "precision_at_100": 0.98,
      "precision_at_500": 0.954,
      "precision_at_1000": 0.867
    }
  },
  "val": {
    "precision": 0.6027397260273972,
    "recall": 0.4247104247104247,
    "f1": 0.4983012457531144,
    "roc_auc": 0.9860273856469085,
    "aupr": 0.47605482702175606,
    "balanced_accuracy": 0.7122123055117485,
    "mcc": 0.505537677567655,
    "kappa": 0.49787782403443437,
    "specificity": 0.9997141863130724,
    "threshold": 0.9801507537688443,
    "confusion_matrix": [
      [
        1014357,
        290
      ],
      [
        596,
        440
      ]
    ],
    "confusion_matrix_dict": {
      "TN": 1014357,
      "FP": 290,
      "FN": 596,
      "TP": 440
    },
    "top_k_metrics": {
      "precision_at_100": 0.96,
      "precision_at_500": 0.73,
      "precision_at_1000": 0.489
    }
  },
  "test": {
    "precision": 0.6103151862464183,
    "recall": 0.4115942028985507,
    "f1": 0.4916330063473745,
    "roc_auc": 0.9847575830014889,
    "aupr": 0.46953412347771106,
    "balanced_accuracy": 0.7056630648178525,
    "mcc": 0.5007911581603369,
    "kappa": 0.49121536546094857,
    "specificity": 0.9997319267371542,
    "threshold": 0.9801507537688443,
    "confusion_matrix": [
      [
        1014376,
        272
      ],
      [
        609,
        426
      ]
    ],
    "confusion_matrix_dict": {
      "TN": 1014376,
      "FP": 272,
      "FN": 609,
      "TP": 426
    },
    "top_k_metrics": {
      "precision_at_100": 0.94,
      "precision_at_500": 0.734,
      "precision_at_1000": 0.487
    }
  },
  "best_epoch": 174,
  "best_val_aupr": 0.47605482702175606,
  "total_training_time_sec": 9830.760687600006,
  "batch_size": 8192,
  "eval_batch_size": 16384
}