{
  "train": {
    "precision": 0.6888604353393086,
    "recall": 0.7023498694516971,
    "f1": 0.6955397543632837,
    "roc_auc": 0.9908953359590229,
    "aupr": 0.6895361761145188,
    "balanced_accuracy": 0.851055220502912,
    "mcc": 0.6953404729839621,
    "kappa": 0.6953077358016749,
    "specificity": 0.9997605715541271,
    "threshold": 0.9604522613065327,
    "confusion_matrix": [
      [
        3044022,
        729
      ],
      [
        684,
        1614
      ]
    ],
    "confusion_matrix_dict": {
      "TN": 3044022,
      "FP": 729,
      "FN": 684,
      "TP": 1614
    },
    "top_k_metrics": {
      "precision_at_100": 1.0,
      "precision_at_500": 0.938,
      "precision_at_1000": 0.865
    }
  },
  "val": {
    "precision": 0.543046357615894,
    "recall": 0.3031423290203327,
    "f1": 0.38908659549228947,
    "roc_auc": 0.980817927714702,
    "aupr": 0.36000176073417267,
    "balanced_accuracy": 0.6514351504514378,
    "mcc": 0.4052747733070445,
    "kappa": 0.3886199471725682,
    "specificity": 0.999727971882543,
    "threshold": 0.9604522613065327,
    "confusion_matrix": [
      [
        1014325,
        276
      ],
      [
        754,
        328
      ]
    ],
    "confusion_matrix_dict": {
      "TN": 1014325,
      "FP": 276,
      "FN": 754,
      "TP": 328
    },
    "top_k_metrics": {
      "precision_at_100": 0.98,
      "precision_at_500": 0.604,
      "precision_at_1000": 0.388
    }
  },
  "test": {
    "precision": 0.5245136186770428,
    "recall": 0.37506956037840844,
    "f1": 0.4373783257624919,
    "roc_auc": 0.9818697381735408,
    "aupr": 0.4179465298704119,
    "balanced_accuracy": 0.6872334642621671,
    "mcc": 0.44271711757532717,
    "kappa": 0.4365470443995284,
    "specificity": 0.9993973681459257,
    "threshold": 0.9506030150753769,
    "confusion_matrix": [
      [
        1013275,
        611
      ],
      [
        1123,
        674
      ]
    ],
    "confusion_matrix_dict": {
      "TN": 1013275,
      "FP": 611,
      "FN": 1123,
      "TP": 674
    },
    "top_k_metrics": {
      "precision_at_100": 0.95,
      "precision_at_500": 0.766,
      "precision_at_1000": 0.585
    }
  },
  "best_epoch": 92,
  "best_val_aupr": 0.36000176073417267,
  "total_training_time_sec": 2337.4707869999984,
  "batch_size": 8192,
  "eval_batch_size": 16384
}