{
  "train": {
    "precision": 0.5960264900662252,
    "recall": 0.49259497746297487,
    "f1": 0.5393971443680592,
    "roc_auc": 0.9932800425573342,
    "aupr": 0.5417870196724079,
    "balanced_accuracy": 0.7461271504564277,
    "mcc": 0.5414256956324451,
    "kappa": 0.538971847151416,
    "specificity": 0.9996593234498806,
    "threshold": 0.9801507537688443,
    "confusion_matrix": [
      [
        3042906,
        1037
      ],
      [
        1576,
        1530
      ]
    ],
    "confusion_matrix_dict": {
      "TN": 3042906,
      "FP": 1037,
      "FN": 1576,
      "TP": 1530
    },
    "top_k_metrics": {
      "precision_at_100": 1.0,
      "precision_at_500": 0.944,
      "precision_at_1000": 0.878
    }
  },
  "val": {
    "precision": 0.5339265850945495,
    "recall": 0.46332046332046334,
    "f1": 0.49612403100775193,
    "roc_auc": 0.986042987246115,
    "aupr": 0.4839214930021962,
    "balanced_accuracy": 0.7314537559105374,
    "mcc": 0.49689536126389955,
    "kappa": 0.49564601135759667,
    "specificity": 0.9995870485006115,
    "threshold": 0.9801507537688443,
    "confusion_matrix": [
      [
        1014228,
        419
      ],
      [
        556,
        480
      ]
    ],
    "confusion_matrix_dict": {
      "TN": 1014228,
      "FP": 419,
      "FN": 556,
      "TP": 480
    },
    "top_k_metrics": {
      "precision_at_100": 0.96,
      "precision_at_500": 0.74,
      "precision_at_1000": 0.502
    }
  },
  "test": {
    "precision": 0.5924895688456189,
    "recall": 0.4115942028985507,
    "f1": 0.48574686431014824,
    "roc_auc": 0.9851103152138586,
    "aupr": 0.47143615440316233,
    "balanced_accuracy": 0.7056527164014558,
    "mcc": 0.4934038777030049,
    "kappa": 0.4853168812093541,
    "specificity": 0.9997112299043609,
    "threshold": 0.9850753768844221,
    "confusion_matrix": [
      [
        1014355,
        293
      ],
      [
        609,
        426
      ]
    ],
    "confusion_matrix_dict": {
      "TN": 1014355,
      "FP": 293,
      "FN": 609,
      "TP": 426
    },
    "top_k_metrics": {
      "precision_at_100": 0.96,
      "precision_at_500": 0.696,
      "precision_at_1000": 0.486
    }
  },
  "best_epoch": 182,
  "best_val_aupr": 0.4839214930021961,
  "total_training_time_sec": 10351.593330000062,
  "batch_size": 8192,
  "eval_batch_size": 16384
}