{
  "train": {
    "precision": 0.38580015026296016,
    "recall": 0.3306503541532518,
    "f1": 0.35610263522884883,
    "roc_auc": 0.9850085544256711,
    "aupr": 0.2978758986368221,
    "balanced_accuracy": 0.6650566072381193,
    "mcc": 0.3565561549222,
    "kappa": 0.35549622536102654,
    "specificity": 0.9994628603229868,
    "threshold": 0.9210552763819095,
    "confusion_matrix": [
      [
        3042266,
        1635
      ],
      [
        2079,
        1027
      ]
    ],
    "confusion_matrix_dict": {
      "TN": 3042266,
      "FP": 1635,
      "FN": 2079,
      "TP": 1027
    },
    "top_k_metrics": {
      "precision_at_100": 0.84,
      "precision_at_500": 0.712,
      "precision_at_1000": 0.578
    }
  },
  "val": {
    "precision": 0.3908872901678657,
    "recall": 0.31467181467181465,
    "f1": 0.34866310160427805,
    "roc_auc": 0.9823443022536932,
    "aupr": 0.2960320341044965,
    "balanced_accuracy": 0.6570855705146134,
    "mcc": 0.35012241459251114,
    "kappa": 0.3480699537067924,
    "specificity": 0.999499326357412,
    "threshold": 0.9259798994974875,
    "confusion_matrix": [
      [
        1014125,
        508
      ],
      [
        710,
        326
      ]
    ],
    "confusion_matrix_dict": {
      "TN": 1014125,
      "FP": 508,
      "FN": 710,
      "TP": 326
    },
    "top_k_metrics": {
      "precision_at_100": 0.82,
      "precision_at_500": 0.504,
      "precision_at_1000": 0.349
    }
  },
  "test": {
    "precision": 0.38122827346465815,
    "recall": 0.3178743961352657,
    "f1": 0.3466807165437302,
    "roc_auc": 0.9778828031552445,
    "aupr": 0.272580481616395,
    "balanced_accuracy": 0.6586740489912171,
    "mcc": 0.3475072496746278,
    "kappa": 0.346074732966845,
    "specificity": 0.9994737018471685,
    "threshold": 0.9210552763819095,
    "confusion_matrix": [
      [
        1014100,
        534
      ],
      [
        706,
        329
      ]
    ],
    "confusion_matrix_dict": {
      "TN": 1014100,
      "FP": 534,
      "FN": 706,
      "TP": 329
    },
    "top_k_metrics": {
      "precision_at_100": 0.74,
      "precision_at_500": 0.5,
      "precision_at_1000": 0.344
    }
  },
  "best_epoch": 349,
  "best_val_aupr": 0.2960320340321647,
  "total_training_time_sec": 19060.3985607,
  "batch_size": 8192,
  "eval_batch_size": 16384
}