{
  "train": {
    "precision": 0.0017130475228879032,
    "recall": 0.09723116548615583,
    "f1": 0.003366778149386845,
    "roc_auc": 0.5456141294995926,
    "aupr": 0.0012942127212506604,
    "balanced_accuracy": 0.5197066267684913,
    "mcc": 0.005386970788420981,
    "kappa": 0.001366090011586163,
    "specificity": 0.9421820880508269,
    "threshold": 0.14296482412060302,
    "confusion_matrix": [
      [
        2867909,
        175992
      ],
      [
        2804,
        302
      ]
    ],
    "confusion_matrix_dict": {
      "TN": 2867909,
      "FP": 175992,
      "FN": 2804,
      "TP": 302
    },
    "top_k_metrics": {
      "precision_at_100": 0.0,
      "precision_at_500": 0.002,
      "precision_at_1000": 0.002
    }
  },
  "val": {
    "precision": 0.0018218347749097597,
    "recall": 0.10328185328185328,
    "f1": 0.003580511310400214,
    "roc_auc": 0.5447835705260065,
    "aupr": 0.0012851979963144431,
    "balanced_accuracy": 0.5227511704433656,
    "mcc": 0.006222845815016196,
    "kappa": 0.0015790033295425276,
    "specificity": 0.9422204876048779,
    "threshold": 0.14296482412060302,
    "confusion_matrix": [
      [
        956008,
        58625
      ],
      [
        929,
        107
      ]
    ],
    "confusion_matrix_dict": {
      "TN": 956008,
      "FP": 58625,
      "FN": 929,
      "TP": 107
    },
    "top_k_metrics": {
      "precision_at_100": 0.0,
      "precision_at_500": 0.0,
      "precision_at_1000": 0.001
    }
  },
  "test": {
    "precision": 0.001682317315633316,
    "recall": 0.10628019323671498,
    "f1": 0.0033122054771834207,
    "roc_auc": 0.542889568546642,
    "aupr": 0.0012998611156428202,
    "balanced_accuracy": 0.5209728323634636,
    "mcc": 0.005453095413118419,
    "kappa": 0.0013085232222190823,
    "specificity": 0.9356654714902123,
    "threshold": 0.13804020100502515,
    "confusion_matrix": [
      [
        949358,
        65276
      ],
      [
        925,
        110
      ]
    ],
    "confusion_matrix_dict": {
      "TN": 949358,
      "FP": 65276,
      "FN": 925,
      "TP": 110
    },
    "top_k_metrics": {
      "precision_at_100": 0.0,
      "precision_at_500": 0.006,
      "precision_at_1000": 0.004
    }
  },
  "best_epoch": 10,
  "best_val_aupr": 0.0012851979963144431,
  "total_training_time_sec": 1665.1536447999533,
  "batch_size": 4096,
  "eval_batch_size": 8192,
  "use_amp": false
}