{
  "train": {
    "precision": 0.45784543325526933,
    "recall": 0.34029590948651,
    "f1": 0.3904143784323515,
    "roc_auc": 0.9877464723386176,
    "aupr": 0.38104109895886845,
    "balanced_accuracy": 0.6699958897632288,
    "mcc": 0.39432782355178175,
    "kappa": 0.3900221025555328,
    "specificity": 0.9996958700399474,
    "threshold": 0.9850753768844221,
    "confusion_matrix": [
      [
        3043825,
        926
      ],
      [
        1516,
        782
      ]
    ],
    "confusion_matrix_dict": {
      "TN": 3043825,
      "FP": 926,
      "FN": 1516,
      "TP": 782
    },
    "top_k_metrics": {
      "precision_at_100": 0.98,
      "precision_at_500": 0.828,
      "precision_at_1000": 0.62
    }
  },
  "val": {
    "precision": 0.3685636856368564,
    "recall": 0.37707948243992606,
    "f1": 0.37277295568752855,
    "roc_auc": 0.9842284254002869,
    "aupr": 0.35015854897475385,
    "balanced_accuracy": 0.6881952708320962,
    "mcc": 0.37212073668437645,
    "kappa": 0.37209641503981306,
    "specificity": 0.9993110592242664,
    "threshold": 0.9653768844221106,
    "confusion_matrix": [
      [
        1013902,
        699
      ],
      [
        674,
        408
      ]
    ],
    "confusion_matrix_dict": {
      "TN": 1013902,
      "FP": 699,
      "FN": 674,
      "TP": 408
    },
    "top_k_metrics": {
      "precision_at_100": 0.95,
      "precision_at_500": 0.568,
      "precision_at_1000": 0.388
    }
  },
  "test": {
    "precision": 0.5123674911660777,
    "recall": 0.4034501947690595,
    "f1": 0.45143212951432127,
    "roc_auc": 0.9849233356408681,
    "aupr": 0.4460535133022002,
    "balanced_accuracy": 0.7013848224423764,
    "mcc": 0.4538065416318011,
    "kappa": 0.4505756663627408,
    "specificity": 0.9993194501156935,
    "threshold": 0.9752261306532664,
    "confusion_matrix": [
      [
        1013196,
        690
      ],
      [
        1072,
        725
      ]
    ],
    "confusion_matrix_dict": {
      "TN": 1013196,
      "FP": 690,
      "FN": 1072,
      "TP": 725
    },
    "top_k_metrics": {
      "precision_at_100": 0.96,
      "precision_at_500": 0.804,
      "precision_at_1000": 0.611
    }
  },
  "best_epoch": 61,
  "best_val_aupr": 0.35015854897475385,
  "total_training_time_sec": 2536.022107900004,
  "batch_size": 8192,
  "eval_batch_size": 16384
}