{
  "train": {
    "precision": 0.4468976018271793,
    "recall": 0.5108790252393386,
    "f1": 0.476751269035533,
    "roc_auc": 0.9907831518520505,
    "aupr": 0.48247700658225656,
    "balanced_accuracy": 0.7552009052590016,
    "mcc": 0.4773980570145799,
    "kappa": 0.4763299489566435,
    "specificity": 0.9995227852786648,
    "threshold": 0.9161306532663317,
    "confusion_matrix": [
      [
        3043298,
        1453
      ],
      [
        1124,
        1174
      ]
    ],
    "confusion_matrix_dict": {
      "TN": 3043298,
      "FP": 1453,
      "FN": 1124,
      "TP": 1174
    },
    "top_k_metrics": {
      "precision_at_100": 1.0,
      "precision_at_500": 0.86,
      "precision_at_1000": 0.674
    }
  },
  "val": {
    "precision": 0.45743329097839897,
    "recall": 0.33271719038817005,
    "f1": 0.3852327447833066,
    "roc_auc": 0.9784165899250332,
    "aupr": 0.35224737070411966,
    "balanced_accuracy": 0.6661481676467043,
    "mcc": 0.389572855372208,
    "kappa": 0.3846807117926073,
    "specificity": 0.9995791449052386,
    "threshold": 0.9259798994974875,
    "confusion_matrix": [
      [
        1014174,
        427
      ],
      [
        722,
        360
      ]
    ],
    "confusion_matrix_dict": {
      "TN": 1014174,
      "FP": 427,
      "FN": 722,
      "TP": 360
    },
    "top_k_metrics": {
      "precision_at_100": 0.96,
      "precision_at_500": 0.586,
      "precision_at_1000": 0.39
    }
  },
  "test": {
    "precision": 0.496617050067659,
    "recall": 0.4084585420144686,
    "f1": 0.4482442748091603,
    "roc_auc": 0.9796859484764948,
    "aupr": 0.4375884687064113,
    "balanced_accuracy": 0.7038623658522168,
    "mcc": 0.4495060761412902,
    "kappa": 0.4473617560312877,
    "specificity": 0.9992661896899652,
    "threshold": 0.9161306532663317,
    "confusion_matrix": [
      [
        1013142,
        744
      ],
      [
        1063,
        734
      ]
    ],
    "confusion_matrix_dict": {
      "TN": 1013142,
      "FP": 744,
      "FN": 1063,
      "TP": 734
    },
    "top_k_metrics": {
      "precision_at_100": 0.97,
      "precision_at_500": 0.798,
      "precision_at_1000": 0.613
    }
  },
  "best_epoch": 75,
  "best_val_aupr": 0.35224737070411966,
  "total_training_time_sec": 1917.1294882000657,
  "batch_size": 8192,
  "eval_batch_size": 16384
}