{
  "train": {
    "precision": 0.5533216783216783,
    "recall": 0.407598197037991,
    "f1": 0.4694104560622914,
    "roc_auc": 0.987155055949679,
    "aupr": 0.4590681880435554,
    "balanced_accuracy": 0.7036312241534112,
    "mcc": 0.47444812772842265,
    "kappa": 0.46895122474364015,
    "specificity": 0.9996642512688313,
    "threshold": 0.9506030150753769,
    "confusion_matrix": [
      [
        3042921,
        1022
      ],
      [
        1840,
        1266
      ]
    ],
    "confusion_matrix_dict": {
      "TN": 3042921,
      "FP": 1022,
      "FN": 1840,
      "TP": 1266
    },
    "top_k_metrics": {
      "precision_at_100": 0.95,
      "precision_at_500": 0.938,
      "precision_at_1000": 0.806
    }
  },
  "val": {
    "precision": 0.5046403712296984,
    "recall": 0.4198841698841699,
    "f1": 0.458377239199157,
    "roc_auc": 0.9857592336362047,
    "aupr": 0.42385355940503405,
    "balanced_accuracy": 0.70973166693464,
    "mcc": 0.4598148723414623,
    "kappa": 0.45787496358932067,
    "specificity": 0.99957916398511,
    "threshold": 0.9456783919597991,
    "confusion_matrix": [
      [
        1014220,
        427
      ],
      [
        601,
        435
      ]
    ],
    "confusion_matrix_dict": {
      "TN": 1014220,
      "FP": 427,
      "FN": 601,
      "TP": 435
    },
    "top_k_metrics": {
      "precision_at_100": 0.92,
      "precision_at_500": 0.668,
      "precision_at_1000": 0.455
    }
  },
  "test": {
    "precision": 0.61198738170347,
    "recall": 0.3748792270531401,
    "f1": 0.46494907130017976,
    "roc_auc": 0.9841288144591359,
    "aupr": 0.4259846388216636,
    "balanced_accuracy": 0.6873183892202096,
    "mcc": 0.47857516105433867,
    "kappa": 0.4645345216432133,
    "specificity": 0.9997575513872792,
    "threshold": 0.9604522613065327,
    "confusion_matrix": [
      [
        1014402,
        246
      ],
      [
        647,
        388
      ]
    ],
    "confusion_matrix_dict": {
      "TN": 1014402,
      "FP": 246,
      "FN": 647,
      "TP": 388
    },
    "top_k_metrics": {
      "precision_at_100": 0.93,
      "precision_at_500": 0.674,
      "precision_at_1000": 0.456
    }
  },
  "best_epoch": 350,
  "best_val_aupr": 0.42385355940503405,
  "total_training_time_sec": 16921.65765529999,
  "batch_size": 8192,
  "eval_batch_size": 16384
}