{
  "train": {
    "precision": 0.6458036984352774,
    "recall": 0.4385061171925306,
    "f1": 0.5223394055608821,
    "roc_auc": 0.9932261358247675,
    "aupr": 0.5278764702919225,
    "balanced_accuracy": 0.7191303559043949,
    "mcc": 0.531770037905935,
    "kappa": 0.5219452643009332,
    "specificity": 0.9997545946162593,
    "threshold": 0.9752261306532664,
    "confusion_matrix": [
      [
        3043196,
        747
      ],
      [
        1744,
        1362
      ]
    ],
    "confusion_matrix_dict": {
      "TN": 3043196,
      "FP": 747,
      "FN": 1744,
      "TP": 1362
    },
    "top_k_metrics": {
      "precision_at_100": 1.0,
      "precision_at_500": 0.944,
      "precision_at_1000": 0.865
    }
  },
  "val": {
    "precision": 0.5842696629213483,
    "recall": 0.4517374517374517,
    "f1": 0.5095264017419706,
    "roc_auc": 0.9849645219443781,
    "aupr": 0.47941221082288943,
    "balanced_accuracy": 0.7257046293898519,
    "mcc": 0.5133148106241613,
    "kappa": 0.5090897280310542,
    "specificity": 0.9996718070422521,
    "threshold": 0.9703015075376885,
    "confusion_matrix": [
      [
        1014314,
        333
      ],
      [
        568,
        468
      ]
    ],
    "confusion_matrix_dict": {
      "TN": 1014314,
      "FP": 333,
      "FN": 568,
      "TP": 468
    },
    "top_k_metrics": {
      "precision_at_100": 0.95,
      "precision_at_500": 0.73,
      "precision_at_1000": 0.5
    }
  },
  "test": {
    "precision": 0.5357142857142857,
    "recall": 0.4492753623188406,
    "f1": 0.488702049395691,
    "roc_auc": 0.9836800869367913,
    "aupr": 0.4623486519027372,
    "balanced_accuracy": 0.7244390901209518,
    "mcc": 0.4901207283669882,
    "kappa": 0.48822630787556265,
    "specificity": 0.9996028179230629,
    "threshold": 0.9653768844221106,
    "confusion_matrix": [
      [
        1014245,
        403
      ],
      [
        570,
        465
      ]
    ],
    "confusion_matrix_dict": {
      "TN": 1014245,
      "FP": 403,
      "FN": 570,
      "TP": 465
    },
    "top_k_metrics": {
      "precision_at_100": 0.96,
      "precision_at_500": 0.736,
      "precision_at_1000": 0.481
    }
  },
  "best_epoch": 194,
  "best_val_aupr": 0.4794122108228895,
  "total_training_time_sec": 11012.834456000011,
  "batch_size": 8192,
  "eval_batch_size": 16384
}