{
  "train": {
    "precision": 0.0029248768472906403,
    "recall": 0.008268059181897302,
    "f1": 0.004321128041846714,
    "roc_auc": 0.5843779182173918,
    "aupr": 0.0012748758996996166,
    "balanced_accuracy": 0.50307039581597,
    "mcc": 0.0036549039406922747,
    "kappa": 0.003210512911672736,
    "specificity": 0.9978727324500427,
    "threshold": 0.11834170854271357,
    "confusion_matrix": [
      [
        3038274,
        6477
      ],
      [
        2279,
        19
      ]
    ],
    "confusion_matrix_dict": {
      "TN": 3038274,
      "FP": 6477,
      "FN": 2279,
      "TP": 19
    },
    "top_k_metrics": {
      "precision_at_100": 0.01,
      "precision_at_500": 0.004,
      "precision_at_1000": 0.004
    }
  },
  "val": {
    "precision": 0.4444444444444444,
    "recall": 0.0036968576709796672,
    "f1": 0.007332722273143905,
    "roc_auc": 0.5327465765700661,
    "aupr": 0.00434035102703798,
    "balanced_accuracy": 0.5018459648126867,
    "mcc": 0.04045910440711124,
    "kappa": 0.007315274975461139,
    "specificity": 0.9999950719543939,
    "threshold": 0.12326633165829146,
    "confusion_matrix": [
      [
        1014596,
        5
      ],
      [
        1078,
        4
      ]
    ],
    "confusion_matrix_dict": {
      "TN": 1014596,
      "FP": 5,
      "FN": 1078,
      "TP": 4
    },
    "top_k_metrics": {
      "precision_at_100": 0.06,
      "precision_at_500": 0.014,
      "precision_at_1000": 0.007
    }
  },
  "test": {
    "precision": 0.0024534107847715802,
    "recall": 0.4268224819143016,
    "f1": 0.004878777951994606,
    "roc_auc": 0.6220497033507133,
    "aupr": 0.003465710026079519,
    "balanced_accuracy": 0.559617323297769,
    "mcc": 0.01085583553570463,
    "kappa": 0.0013652992197036307,
    "specificity": 0.6924121646812363,
    "threshold": 0.09864321608040201,
    "confusion_matrix": [
      [
        702027,
        311859
      ],
      [
        1030,
        767
      ]
    ],
    "confusion_matrix_dict": {
      "TN": 702027,
      "FP": 311859,
      "FN": 1030,
      "TP": 767
    },
    "top_k_metrics": {
      "precision_at_100": 0.03,
      "precision_at_500": 0.006,
      "precision_at_1000": 0.004
    }
  },
  "best_epoch": 5,
  "best_val_aupr": 0.00434035102703798,
  "total_training_time_sec": 1498.382192799938,
  "batch_size": 4096,
  "eval_batch_size": 8192,
  "use_amp": false
}