{
  "train": {
    "precision": 0.5552536231884058,
    "recall": 0.3947198969735995,
    "f1": 0.4614226571321039,
    "roc_auc": 0.9881827135098576,
    "aupr": 0.4506663054445406,
    "balanced_accuracy": 0.6971986445464828,
    "mcc": 0.4677039746899477,
    "kappa": 0.46096604688921283,
    "specificity": 0.9996773921193662,
    "threshold": 0.9604522613065327,
    "confusion_matrix": [
      [
        3042961,
        982
      ],
      [
        1880,
        1226
      ]
    ],
    "confusion_matrix_dict": {
      "TN": 3042961,
      "FP": 982,
      "FN": 1880,
      "TP": 1226
    },
    "top_k_metrics": {
      "precision_at_100": 0.97,
      "precision_at_500": 0.918,
      "precision_at_1000": 0.791
    }
  },
  "val": {
    "precision": 0.60062893081761,
    "recall": 0.3687258687258687,
    "f1": 0.4569377990430622,
    "roc_auc": 0.9854276663569699,
    "aupr": 0.42286504360104,
    "balanced_accuracy": 0.6842377676793489,
    "mcc": 0.4701910847233734,
    "kappa": 0.45651606455111426,
    "specificity": 0.9997496666328289,
    "threshold": 0.9703015075376885,
    "confusion_matrix": [
      [
        1014393,
        254
      ],
      [
        654,
        382
      ]
    ],
    "confusion_matrix_dict": {
      "TN": 1014393,
      "FP": 254,
      "FN": 654,
      "TP": 382
    },
    "top_k_metrics": {
      "precision_at_100": 0.88,
      "precision_at_500": 0.664,
      "precision_at_1000": 0.446
    }
  },
  "test": {
    "precision": 0.5996705107084019,
    "recall": 0.3516908212560386,
    "f1": 0.44336175395858707,
    "roc_auc": 0.9848957709024109,
    "aupr": 0.42149406968285796,
    "balanced_accuracy": 0.6757256646668583,
    "mcc": 0.45882750221146706,
    "kappa": 0.44294206449570406,
    "specificity": 0.9997605080776781,
    "threshold": 0.9703015075376885,
    "confusion_matrix": [
      [
        1014405,
        243
      ],
      [
        671,
        364
      ]
    ],
    "confusion_matrix_dict": {
      "TN": 1014405,
      "FP": 243,
      "FN": 671,
      "TP": 364
    },
    "top_k_metrics": {
      "precision_at_100": 0.95,
      "precision_at_500": 0.664,
      "precision_at_1000": 0.439
    }
  },
  "best_epoch": 339,
  "best_val_aupr": 0.42286504360104,
  "total_training_time_sec": 16834.814936400042,
  "batch_size": 8192,
  "eval_batch_size": 16384
}