{
  "train": {
    "precision": 0.6377737226277372,
    "recall": 0.45009658725048296,
    "f1": 0.5277463193657984,
    "roc_auc": 0.9936710603371905,
    "aupr": 0.5370649773094262,
    "balanced_accuracy": 0.7249178706836819,
    "mcc": 0.5353887203102992,
    "kappa": 0.5273476412158417,
    "specificity": 0.9997391541168806,
    "threshold": 0.9604522613065327,
    "confusion_matrix": [
      [
        3043149,
        794
      ],
      [
        1708,
        1398
      ]
    ],
    "confusion_matrix_dict": {
      "TN": 3043149,
      "FP": 794,
      "FN": 1708,
      "TP": 1398
    },
    "top_k_metrics": {
      "precision_at_100": 0.99,
      "precision_at_500": 0.952,
      "precision_at_1000": 0.871
    }
  },
  "val": {
    "precision": 0.5893782383419689,
    "recall": 0.4391891891891892,
    "f1": 0.5033185840707964,
    "roc_auc": 0.985759112343284,
    "aupr": 0.4844805940447292,
    "balanced_accuracy": 0.7194383826312221,
    "mcc": 0.5083435586448212,
    "kappa": 0.5028855652073665,
    "specificity": 0.999687576073255,
    "threshold": 0.9604522613065327,
    "confusion_matrix": [
      [
        1014330,
        317
      ],
      [
        581,
        455
      ]
    ],
    "confusion_matrix_dict": {
      "TN": 1014330,
      "FP": 317,
      "FN": 581,
      "TP": 455
    },
    "top_k_metrics": {
      "precision_at_100": 0.96,
      "precision_at_500": 0.75,
      "precision_at_1000": 0.491
    }
  },
  "test": {
    "precision": 0.5284916201117319,
    "recall": 0.4570048309178744,
    "f1": 0.49015544041450776,
    "roc_auc": 0.9851025092655344,
    "aupr": 0.4703294562988636,
    "balanced_accuracy": 0.7282944615675384,
    "mcc": 0.4909689970713517,
    "kappa": 0.48967313035107973,
    "specificity": 0.9995840922172025,
    "threshold": 0.9456783919597991,
    "confusion_matrix": [
      [
        1014226,
        422
      ],
      [
        562,
        473
      ]
    ],
    "confusion_matrix_dict": {
      "TN": 1014226,
      "FP": 422,
      "FN": 562,
      "TP": 473
    },
    "top_k_metrics": {
      "precision_at_100": 0.96,
      "precision_at_500": 0.724,
      "precision_at_1000": 0.493
    }
  },
  "best_epoch": 181,
  "best_val_aupr": 0.48448059404472926,
  "total_training_time_sec": 10374.62029839994,
  "batch_size": 8192,
  "eval_batch_size": 16384
}