{
  "train": {
    "precision": 0.42212389380530974,
    "recall": 0.3071474565357373,
    "f1": 0.3555721207603429,
    "roc_auc": 0.9845602326919488,
    "aupr": 0.3003883513156447,
    "balanced_accuracy": 0.6533592009228597,
    "mcc": 0.35952243359826813,
    "kappa": 0.3550183077510014,
    "specificity": 0.9995709453099821,
    "threshold": 0.9407537688442211,
    "confusion_matrix": [
      [
        3042595,
        1306
      ],
      [
        2152,
        954
      ]
    ],
    "confusion_matrix_dict": {
      "TN": 3042595,
      "FP": 1306,
      "FN": 2152,
      "TP": 954
    },
    "top_k_metrics": {
      "precision_at_100": 0.8,
      "precision_at_500": 0.716,
      "precision_at_1000": 0.601
    }
  },
  "val": {
    "precision": 0.3905109489051095,
    "recall": 0.30984555984555984,
    "f1": 0.3455328310010764,
    "roc_auc": 0.9821002266117889,
    "aupr": 0.29231093355134,
    "balanced_accuracy": 0.6546758926246139,
    "mcc": 0.3472568337548938,
    "kappa": 0.34494161841688253,
    "specificity": 0.9995062254036681,
    "threshold": 0.9358291457286433,
    "confusion_matrix": [
      [
        1014132,
        501
      ],
      [
        715,
        321
      ]
    ],
    "confusion_matrix_dict": {
      "TN": 1014132,
      "FP": 501,
      "FN": 715,
      "TP": 321
    },
    "top_k_metrics": {
      "precision_at_100": 0.81,
      "precision_at_500": 0.504,
      "precision_at_1000": 0.347
    }
  },
  "test": {
    "precision": 0.43440233236151604,
    "recall": 0.28792270531400965,
    "f1": 0.3463102847181871,
    "roc_auc": 0.9783479664864565,
    "aupr": 0.28100439947892697,
    "balanced_accuracy": 0.6437701507063507,
    "mcc": 0.35312800605987743,
    "kappa": 0.3457788058480984,
    "specificity": 0.9996175960986917,
    "threshold": 0.9456783919597991,
    "confusion_matrix": [
      [
        1014246,
        388
      ],
      [
        737,
        298
      ]
    ],
    "confusion_matrix_dict": {
      "TN": 1014246,
      "FP": 388,
      "FN": 737,
      "TP": 298
    },
    "top_k_metrics": {
      "precision_at_100": 0.75,
      "precision_at_500": 0.518,
      "precision_at_1000": 0.346
    }
  },
  "best_epoch": 343,
  "best_val_aupr": 0.29231093355134,
  "total_training_time_sec": 17548.6246942,
  "batch_size": 8192,
  "eval_batch_size": 16384
}