{
  "train": {
    "precision": 0.4077777777777778,
    "recall": 0.31940818102698,
    "f1": 0.358223523670083,
    "roc_auc": 0.9869165061213556,
    "aupr": 0.3411420380241768,
    "balanced_accuracy": 0.6595290351477145,
    "mcc": 0.36047319850611165,
    "kappa": 0.3577980499379497,
    "specificity": 0.9996498892684492,
    "threshold": 0.9703015075376885,
    "confusion_matrix": [
      [
        3043685,
        1066
      ],
      [
        1564,
        734
      ]
    ],
    "confusion_matrix_dict": {
      "TN": 3043685,
      "FP": 1066,
      "FN": 1564,
      "TP": 734
    },
    "top_k_metrics": {
      "precision_at_100": 0.98,
      "precision_at_500": 0.764,
      "precision_at_1000": 0.566
    }
  },
  "val": {
    "precision": 0.43679599499374216,
    "recall": 0.32255083179297594,
    "f1": 0.37107921318447634,
    "roc_auc": 0.9841206615224052,
    "aupr": 0.3483529462744418,
    "balanced_accuracy": 0.6610536538442132,
    "mcc": 0.37478332399361747,
    "kappa": 0.3705095131733862,
    "specificity": 0.9995564758954505,
    "threshold": 0.9604522613065327,
    "confusion_matrix": [
      [
        1014151,
        450
      ],
      [
        733,
        349
      ]
    ],
    "confusion_matrix_dict": {
      "TN": 1014151,
      "FP": 450,
      "FN": 733,
      "TP": 349
    },
    "top_k_metrics": {
      "precision_at_100": 0.97,
      "precision_at_500": 0.572,
      "precision_at_1000": 0.384
    }
  },
  "test": {
    "precision": 0.5823195458231955,
    "recall": 0.39955481357818584,
    "f1": 0.4739273927392739,
    "roc_auc": 0.9866267383950098,
    "aupr": 0.4619888334161121,
    "balanced_accuracy": 0.6995234334627032,
    "mcc": 0.4816101658770619,
    "kappa": 0.4731687945028408,
    "specificity": 0.9994920533472205,
    "threshold": 0.9653768844221106,
    "confusion_matrix": [
      [
        1013371,
        515
      ],
      [
        1079,
        718
      ]
    ],
    "confusion_matrix_dict": {
      "TN": 1013371,
      "FP": 515,
      "FN": 1079,
      "TP": 718
    },
    "top_k_metrics": {
      "precision_at_100": 0.95,
      "precision_at_500": 0.832,
      "precision_at_1000": 0.641
    }
  },
  "best_epoch": 70,
  "best_val_aupr": 0.3483529462744418,
  "total_training_time_sec": 1966.7502470000181,
  "batch_size": 8192,
  "eval_batch_size": 16384
}