{
  "train": {
    "precision": 0.7587108013937283,
    "recall": 0.7580504786771105,
    "f1": 0.7583804962995211,
    "roc_auc": 0.99188558100972,
    "aupr": 0.7404961217755902,
    "balanced_accuracy": 0.8789342630978052,
    "mcc": 0.7581982874375027,
    "kappa": 0.7581982154783798,
    "specificity": 0.9998180475184999,
    "threshold": 0.9161306532663317,
    "confusion_matrix": [
      [
        3044197,
        554
      ],
      [
        556,
        1742
      ]
    ],
    "confusion_matrix_dict": {
      "TN": 3044197,
      "FP": 554,
      "FN": 556,
      "TP": 1742
    },
    "top_k_metrics": {
      "precision_at_100": 1.0,
      "precision_at_500": 0.946,
      "precision_at_1000": 0.899
    }
  },
  "val": {
    "precision": 0.47892271662763464,
    "recall": 0.378003696857671,
    "f1": 0.4225206611570248,
    "roc_auc": 0.9778212105090541,
    "aupr": 0.38955852350153536,
    "balanced_accuracy": 0.6887825503993639,
    "mcc": 0.4249401316346171,
    "kappa": 0.42197741533083477,
    "specificity": 0.9995614039410566,
    "threshold": 0.8324120603015076,
    "confusion_matrix": [
      [
        1014156,
        445
      ],
      [
        673,
        409
      ]
    ],
    "confusion_matrix_dict": {
      "TN": 1014156,
      "FP": 445,
      "FN": 673,
      "TP": 409
    },
    "top_k_metrics": {
      "precision_at_100": 0.98,
      "precision_at_500": 0.648,
      "precision_at_1000": 0.435
    }
  },
  "test": {
    "precision": 0.5080106809078772,
    "recall": 0.4234835837506956,
    "f1": 0.46191198786039456,
    "roc_auc": 0.9821731126057687,
    "aupr": 0.45064507516072916,
    "balanced_accuracy": 0.7113783387849609,
    "mcc": 0.46296118358529126,
    "kappa": 0.461044968461812,
    "specificity": 0.9992730938192262,
    "threshold": 0.8767336683417086,
    "confusion_matrix": [
      [
        1013149,
        737
      ],
      [
        1036,
        761
      ]
    ],
    "confusion_matrix_dict": {
      "TN": 1013149,
      "FP": 737,
      "FN": 1036,
      "TP": 761
    },
    "top_k_metrics": {
      "precision_at_100": 0.96,
      "precision_at_500": 0.802,
      "precision_at_1000": 0.612
    }
  },
  "best_epoch": 106,
  "best_val_aupr": 0.38955852350153536,
  "total_training_time_sec": 2779.5116616000014,
  "batch_size": 8192,
  "eval_batch_size": 16384
}