{
  "train": {
    "precision": 0.5740666399036531,
    "recall": 0.6222802436901653,
    "f1": 0.5972019210691167,
    "roc_auc": 0.9904637524226912,
    "aupr": 0.6101658904003288,
    "balanced_accuracy": 0.8109658875645126,
    "mcc": 0.5973717204225621,
    "kappa": 0.5968856512652201,
    "specificity": 0.9996515314388599,
    "threshold": 0.9555276381909548,
    "confusion_matrix": [
      [
        3043690,
        1061
      ],
      [
        868,
        1430
      ]
    ],
    "confusion_matrix_dict": {
      "TN": 3043690,
      "FP": 1061,
      "FN": 868,
      "TP": 1430
    },
    "top_k_metrics": {
      "precision_at_100": 1.0,
      "precision_at_500": 0.938,
      "precision_at_1000": 0.812
    }
  },
  "val": {
    "precision": 0.560530679933665,
    "recall": 0.3123844731977819,
    "f1": 0.40118694362017804,
    "roc_auc": 0.9824540925998644,
    "aupr": 0.3797419376601634,
    "balanced_accuracy": 0.6560616433903291,
    "mcc": 0.418002282633304,
    "kappa": 0.40073002485029474,
    "specificity": 0.9997388135828764,
    "threshold": 0.9653768844221106,
    "confusion_matrix": [
      [
        1014336,
        265
      ],
      [
        744,
        338
      ]
    ],
    "confusion_matrix_dict": {
      "TN": 1014336,
      "FP": 265,
      "FN": 744,
      "TP": 338
    },
    "top_k_metrics": {
      "precision_at_100": 0.99,
      "precision_at_500": 0.612,
      "precision_at_1000": 0.401
    }
  },
  "test": {
    "precision": 0.5123087159015303,
    "recall": 0.4284919309961046,
    "f1": 0.4666666666666667,
    "roc_auc": 0.9840987200317362,
    "aupr": 0.45853387336039847,
    "balanced_accuracy": 0.7138844850160257,
    "mcc": 0.46767146101429335,
    "kappa": 0.46580574399672303,
    "specificity": 0.9992770390359469,
    "threshold": 0.9506030150753769,
    "confusion_matrix": [
      [
        1013153,
        733
      ],
      [
        1027,
        770
      ]
    ],
    "confusion_matrix_dict": {
      "TN": 1013153,
      "FP": 733,
      "FN": 1027,
      "TP": 770
    },
    "top_k_metrics": {
      "precision_at_100": 0.96,
      "precision_at_500": 0.828,
      "precision_at_1000": 0.626
    }
  },
  "best_epoch": 81,
  "best_val_aupr": 0.3797419376601634,
  "total_training_time_sec": 2088.1437619999924,
  "batch_size": 8192,
  "eval_batch_size": 16384
}