{
  "train": {
    "precision": 0.6345891965501589,
    "recall": 0.45009658725048296,
    "f1": 0.5266528536447542,
    "roc_auc": 0.9924610205380116,
    "aupr": 0.529601783740259,
    "balanced_accuracy": 0.7249160638167332,
    "mcc": 0.5340470728929417,
    "kappa": 0.5262520782057705,
    "specificity": 0.9997355403829835,
    "threshold": 0.9801507537688443,
    "confusion_matrix": [
      [
        3043138,
        805
      ],
      [
        1708,
        1398
      ]
    ],
    "confusion_matrix_dict": {
      "TN": 3043138,
      "FP": 805,
      "FN": 1708,
      "TP": 1398
    },
    "top_k_metrics": {
      "precision_at_100": 0.99,
      "precision_at_500": 0.954,
      "precision_at_1000": 0.881
    }
  },
  "val": {
    "precision": 0.6419939577039275,
    "recall": 0.41023166023166024,
    "f1": 0.5005889281507656,
    "roc_auc": 0.9859302785346277,
    "aupr": 0.4835971348735059,
    "balanced_accuracy": 0.7049990407299649,
    "mcc": 0.512805508303927,
    "kappa": 0.5001914112608798,
    "specificity": 0.9997664212282695,
    "threshold": 0.9850753768844221,
    "confusion_matrix": [
      [
        1014410,
        237
      ],
      [
        611,
        425
      ]
    ],
    "confusion_matrix_dict": {
      "TN": 1014410,
      "FP": 237,
      "FN": 611,
      "TP": 425
    },
    "top_k_metrics": {
      "precision_at_100": 0.95,
      "precision_at_500": 0.742,
      "precision_at_1000": 0.503
    }
  },
  "test": {
    "precision": 0.6011004126547456,
    "recall": 0.4222222222222222,
    "f1": 0.4960272417707151,
    "roc_auc": 0.9850394979556841,
    "aupr": 0.47598870847522995,
    "balanced_accuracy": 0.7109682044084911,
    "mcc": 0.5033662181173499,
    "kappa": 0.49560309801349645,
    "specificity": 0.99971418659476,
    "threshold": 0.9801507537688443,
    "confusion_matrix": [
      [
        1014358,
        290
      ],
      [
        598,
        437
      ]
    ],
    "confusion_matrix_dict": {
      "TN": 1014358,
      "FP": 290,
      "FN": 598,
      "TP": 437
    },
    "top_k_metrics": {
      "precision_at_100": 0.94,
      "precision_at_500": 0.75,
      "precision_at_1000": 0.486
    }
  },
  "best_epoch": 188,
  "best_val_aupr": 0.48359713487350586,
  "total_training_time_sec": 37027.565243599995,
  "batch_size": 8192,
  "eval_batch_size": 16384
}