{
  "train": {
    "precision": 0.6741641337386018,
    "recall": 0.4825935596170583,
    "f1": 0.5625158508749682,
    "roc_auc": 0.9879506122061582,
    "aupr": 0.5559279507395809,
    "balanced_accuracy": 0.7412087582603286,
    "mcc": 0.5701230016085277,
    "kappa": 0.5622403763799687,
    "specificity": 0.999823956903599,
    "threshold": 0.8767336683417086,
    "confusion_matrix": [
      [
        3044173,
        536
      ],
      [
        1189,
        1109
      ]
    ],
    "confusion_matrix_dict": {
      "TN": 3044173,
      "FP": 536,
      "FN": 1189,
      "TP": 1109
    },
    "top_k_metrics": {
      "precision_at_100": 0.95,
      "precision_at_500": 0.914,
      "precision_at_1000": 0.811
    }
  },
  "val": {
    "precision": 0.41002949852507375,
    "recall": 0.25693160813308685,
    "f1": 0.3159090909090909,
    "roc_auc": 0.9695361160467602,
    "aupr": 0.24455209101932252,
    "balanced_accuracy": 0.6282686795222707,
    "mcc": 0.32401338701081056,
    "kappa": 0.3153471475966808,
    "specificity": 0.9996057509114546,
    "threshold": 0.7979396984924624,
    "confusion_matrix": [
      [
        1014187,
        400
      ],
      [
        804,
        278
      ]
    ],
    "confusion_matrix_dict": {
      "TN": 1014187,
      "FP": 400,
      "FN": 804,
      "TP": 278
    },
    "top_k_metrics": {
      "precision_at_100": 0.81,
      "precision_at_500": 0.466,
      "precision_at_1000": 0.318
    }
  },
  "test": {
    "precision": 0.31277258566978194,
    "recall": 0.2793544796883695,
    "f1": 0.2951205173427396,
    "roc_auc": 0.9755219224405963,
    "aupr": 0.2401784898762801,
    "balanced_accuracy": 0.6391332855777685,
    "mcc": 0.29441263135858314,
    "kappa": 0.2939418069848371,
    "specificity": 0.9989120914671674,
    "threshold": 0.8274874371859297,
    "confusion_matrix": [
      [
        1012769,
        1103
      ],
      [
        1295,
        502
      ]
    ],
    "confusion_matrix_dict": {
      "TN": 1012769,
      "FP": 1103,
      "FN": 1295,
      "TP": 502
    },
    "top_k_metrics": {
      "precision_at_100": 0.76,
      "precision_at_500": 0.528,
      "precision_at_1000": 0.395
    }
  },
  "best_epoch": 38,
  "best_val_aupr": 0.24455209101932252,
  "total_training_time_sec": 1182.692222999991,
  "batch_size": 8192,
  "eval_batch_size": 16384
}