{
  "train": {
    "precision": 0.42775467775467774,
    "recall": 0.35813751087902523,
    "f1": 0.38986262434864993,
    "roc_auc": 0.9882955267987763,
    "aupr": 0.3886452026305735,
    "balanced_accuracy": 0.6788879524772999,
    "mcc": 0.39098211872539995,
    "kappa": 0.38944294879531616,
    "specificity": 0.9996383940755746,
    "threshold": 0.9703015075376885,
    "confusion_matrix": [
      [
        3043650,
        1101
      ],
      [
        1475,
        823
      ]
    ],
    "confusion_matrix_dict": {
      "TN": 3043650,
      "FP": 1101,
      "FN": 1475,
      "TP": 823
    },
    "top_k_metrics": {
      "precision_at_100": 0.99,
      "precision_at_500": 0.822,
      "precision_at_1000": 0.619
    }
  },
  "val": {
    "precision": 0.5365025466893039,
    "recall": 0.2920517560073937,
    "f1": 0.3782166367444644,
    "roc_auc": 0.9839012942634574,
    "aupr": 0.34810973858626876,
    "balanced_accuracy": 0.6458913423586502,
    "mcc": 0.39537573436278933,
    "kappa": 0.37774932866296906,
    "specificity": 0.9997309287099067,
    "threshold": 0.9703015075376885,
    "confusion_matrix": [
      [
        1014328,
        273
      ],
      [
        766,
        316
      ]
    ],
    "confusion_matrix_dict": {
      "TN": 1014328,
      "FP": 273,
      "FN": 766,
      "TP": 316
    },
    "top_k_metrics": {
      "precision_at_100": 0.94,
      "precision_at_500": 0.594,
      "precision_at_1000": 0.377
    }
  },
  "test": {
    "precision": 0.5411160058737151,
    "recall": 0.41012799109627157,
    "f1": 0.46660335549224435,
    "roc_auc": 0.9857848155350638,
    "aupr": 0.4614204669248951,
    "balanced_accuracy": 0.7047557754918375,
    "mcc": 0.4702821507412093,
    "kappa": 0.4657883496422761,
    "specificity": 0.9993835598874035,
    "threshold": 0.9653768844221106,
    "confusion_matrix": [
      [
        1013261,
        625
      ],
      [
        1060,
        737
      ]
    ],
    "confusion_matrix_dict": {
      "TN": 1013261,
      "FP": 625,
      "FN": 1060,
      "TP": 737
    },
    "top_k_metrics": {
      "precision_at_100": 0.95,
      "precision_at_500": 0.86,
      "precision_at_1000": 0.637
    }
  },
  "best_epoch": 70,
  "best_val_aupr": 0.34810973858626876,
  "total_training_time_sec": 1854.673567100006,
  "batch_size": 8192,
  "eval_batch_size": 16384
}