{
  "train": {
    "precision": 0.6595339990489777,
    "recall": 0.4465550547327753,
    "f1": 0.5325398349011327,
    "roc_auc": 0.9937748662871443,
    "aupr": 0.5410275493360315,
    "balanced_accuracy": 0.7231599167540995,
    "mcc": 0.5423201437740663,
    "kappa": 0.532154765389407,
    "specificity": 0.9997647787754238,
    "threshold": 0.9801507537688443,
    "confusion_matrix": [
      [
        3043227,
        716
      ],
      [
        1719,
        1387
      ]
    ],
    "confusion_matrix_dict": {
      "TN": 3043227,
      "FP": 716,
      "FN": 1719,
      "TP": 1387
    },
    "top_k_metrics": {
      "precision_at_100": 0.99,
      "precision_at_500": 0.942,
      "precision_at_1000": 0.889
    }
  },
  "val": {
    "precision": 0.5684596577017115,
    "recall": 0.44884169884169883,
    "f1": 0.5016181229773463,
    "roc_auc": 0.9849824266821016,
    "aupr": 0.484909300883702,
    "balanced_accuracy": 0.7242468972975987,
    "mcc": 0.5046764211041892,
    "kappa": 0.501169141470394,
    "specificity": 0.9996520957534986,
    "threshold": 0.9752261306532664,
    "confusion_matrix": [
      [
        1014294,
        353
      ],
      [
        571,
        465
      ]
    ],
    "confusion_matrix_dict": {
      "TN": 1014294,
      "FP": 353,
      "FN": 571,
      "TP": 465
    },
    "top_k_metrics": {
      "precision_at_100": 0.94,
      "precision_at_500": 0.754,
      "precision_at_1000": 0.494
    }
  },
  "test": {
    "precision": 0.6430635838150289,
    "recall": 0.42995169082125606,
    "f1": 0.5153445280833816,
    "roc_auc": 0.9841865699066167,
    "aupr": 0.4861962985115126,
    "balanced_accuracy": 0.7148541283225345,
    "mcc": 0.5254331052989993,
    "kappa": 0.5149484198746869,
    "specificity": 0.9997565658238128,
    "threshold": 0.9801507537688443,
    "confusion_matrix": [
      [
        1014401,
        247
      ],
      [
        590,
        445
      ]
    ],
    "confusion_matrix_dict": {
      "TN": 1014401,
      "FP": 247,
      "FN": 590,
      "TP": 445
    },
    "top_k_metrics": {
      "precision_at_100": 0.96,
      "precision_at_500": 0.762,
      "precision_at_1000": 0.499
    }
  },
  "best_epoch": 223,
  "best_val_aupr": 0.48490930088370204,
  "total_training_time_sec": 12200.617133499938,
  "batch_size": 8192,
  "eval_batch_size": 16384
}