{
  "train": {
    "precision": 0.8085991678224688,
    "recall": 0.7610966057441253,
    "f1": 0.7841291190316073,
    "roc_auc": 0.9909819800284586,
    "aupr": 0.7510993164590297,
    "balanced_accuracy": 0.8804803170170616,
    "mcc": 0.7843308820009502,
    "kappa": 0.7839711264559975,
    "specificity": 0.9998640282899981,
    "threshold": 0.8816582914572865,
    "confusion_matrix": [
      [
        3044337,
        414
      ],
      [
        549,
        1749
      ]
    ],
    "confusion_matrix_dict": {
      "TN": 3044337,
      "FP": 414,
      "FN": 549,
      "TP": 1749
    },
    "top_k_metrics": {
      "precision_at_100": 0.98,
      "precision_at_500": 0.95,
      "precision_at_1000": 0.895
    }
  },
  "val": {
    "precision": 0.4830917874396135,
    "recall": 0.27726432532347506,
    "f1": 0.35231943628890194,
    "roc_auc": 0.9773695455646559,
    "aupr": 0.2936201919001763,
    "balanced_accuracy": 0.6384739723977816,
    "mcc": 0.3654831295826494,
    "kappa": 0.3518158493790463,
    "specificity": 0.9996836194720881,
    "threshold": 0.8915075376884423,
    "confusion_matrix": [
      [
        1014280,
        321
      ],
      [
        782,
        300
      ]
    ],
    "confusion_matrix_dict": {
      "TN": 1014280,
      "FP": 321,
      "FN": 782,
      "TP": 300
    },
    "top_k_metrics": {
      "precision_at_100": 0.9,
      "precision_at_500": 0.534,
      "precision_at_1000": 0.343
    }
  },
  "test": {
    "precision": 0.37962962962962965,
    "recall": 0.36505286588759045,
    "f1": 0.3721985815602837,
    "roc_auc": 0.9809076264377385,
    "aupr": 0.32664604707018163,
    "balanced_accuracy": 0.6819977739032325,
    "mcc": 0.37117905664137907,
    "kappa": 0.3711076919915436,
    "specificity": 0.9989426819188745,
    "threshold": 0.8471859296482412,
    "confusion_matrix": [
      [
        1012814,
        1072
      ],
      [
        1141,
        656
      ]
    ],
    "confusion_matrix_dict": {
      "TN": 1012814,
      "FP": 1072,
      "FN": 1141,
      "TP": 656
    },
    "top_k_metrics": {
      "precision_at_100": 0.87,
      "precision_at_500": 0.616,
      "precision_at_1000": 0.494
    }
  },
  "best_epoch": 90,
  "best_val_aupr": 0.2936201919001763,
  "total_training_time_sec": 2316.5035700000008,
  "batch_size": 8192,
  "eval_batch_size": 16384
}