{
  "train": {
    "precision": 0.5331179321486268,
    "recall": 0.4249839021249195,
    "f1": 0.47294876388391255,
    "roc_auc": 0.9882209399098311,
    "aupr": 0.4589006805577943,
    "balanced_accuracy": 0.7123020657722293,
    "mcc": 0.4755155058975168,
    "kappa": 0.47247171974572355,
    "specificity": 0.9996202294195391,
    "threshold": 0.9555276381909548,
    "confusion_matrix": [
      [
        3042787,
        1156
      ],
      [
        1786,
        1320
      ]
    ],
    "confusion_matrix_dict": {
      "TN": 3042787,
      "FP": 1156,
      "FN": 1786,
      "TP": 1320
    },
    "top_k_metrics": {
      "precision_at_100": 0.98,
      "precision_at_500": 0.928,
      "precision_at_1000": 0.79
    }
  },
  "val": {
    "precision": 0.5448548812664907,
    "recall": 0.39864864864864863,
    "f1": 0.4604236343366778,
    "roc_auc": 0.9852264123864247,
    "aupr": 0.42425730088539265,
    "balanced_accuracy": 0.6991543144588243,
    "mcc": 0.4655919925864042,
    "kappa": 0.45995814927153533,
    "specificity": 0.9996599802689999,
    "threshold": 0.9604522613065327,
    "confusion_matrix": [
      [
        1014302,
        345
      ],
      [
        623,
        413
      ]
    ],
    "confusion_matrix_dict": {
      "TN": 1014302,
      "FP": 345,
      "FN": 623,
      "TP": 413
    },
    "top_k_metrics": {
      "precision_at_100": 0.89,
      "precision_at_500": 0.658,
      "precision_at_1000": 0.455
    }
  },
  "test": {
    "precision": 0.5694864048338368,
    "recall": 0.3642512077294686,
    "f1": 0.44431349440188567,
    "roc_auc": 0.9838788869908937,
    "aupr": 0.4159542951098372,
    "balanced_accuracy": 0.6819851610707801,
    "mcc": 0.4550167051108625,
    "kappa": 0.44387135056288207,
    "specificity": 0.9997191144120917,
    "threshold": 0.9653768844221106,
    "confusion_matrix": [
      [
        1014363,
        285
      ],
      [
        658,
        377
      ]
    ],
    "confusion_matrix_dict": {
      "TN": 1014363,
      "FP": 285,
      "FN": 658,
      "TP": 377
    },
    "top_k_metrics": {
      "precision_at_100": 0.96,
      "precision_at_500": 0.64,
      "precision_at_1000": 0.449
    }
  },
  "best_epoch": 350,
  "best_val_aupr": 0.42425730088539276,
  "total_training_time_sec": 16926.12508050003,
  "batch_size": 8192,
  "eval_batch_size": 16384
}