{
  "train": {
    "precision": 0.5295508274231678,
    "recall": 0.4327108821635544,
    "f1": 0.47625797306874557,
    "roc_auc": 0.9893532047854987,
    "aupr": 0.46341624616930654,
    "balanced_accuracy": 0.7161593138875426,
    "mcc": 0.4782096654901182,
    "kappa": 0.4757773856763431,
    "specificity": 0.9996077456115309,
    "threshold": 0.9506030150753769,
    "confusion_matrix": [
      [
        3042749,
        1194
      ],
      [
        1762,
        1344
      ]
    ],
    "confusion_matrix_dict": {
      "TN": 3042749,
      "FP": 1194,
      "FN": 1762,
      "TP": 1344
    },
    "top_k_metrics": {
      "precision_at_100": 0.98,
      "precision_at_500": 0.93,
      "precision_at_1000": 0.798
    }
  },
  "val": {
    "precision": 0.5525965379494008,
    "recall": 0.40057915057915056,
    "f1": 0.46446558477895916,
    "roc_auc": 0.9852249307101586,
    "aupr": 0.4272442804912755,
    "balanced_accuracy": 0.7001240004640448,
    "mcc": 0.470032724850619,
    "kappa": 0.4640060622272991,
    "specificity": 0.999668850348939,
    "threshold": 0.9604522613065327,
    "confusion_matrix": [
      [
        1014311,
        336
      ],
      [
        621,
        415
      ]
    ],
    "confusion_matrix_dict": {
      "TN": 1014311,
      "FP": 336,
      "FN": 621,
      "TP": 415
    },
    "top_k_metrics": {
      "precision_at_100": 0.92,
      "precision_at_500": 0.662,
      "precision_at_1000": 0.467
    }
  },
  "test": {
    "precision": 0.5618915159944368,
    "recall": 0.3903381642512077,
    "f1": 0.4606613454960091,
    "roc_auc": 0.9848592631558057,
    "aupr": 0.4268108911731922,
    "balanced_accuracy": 0.6950138558796546,
    "mcc": 0.46787902625610706,
    "kappa": 0.4602103876098105,
    "specificity": 0.9996895475081014,
    "threshold": 0.9604522613065327,
    "confusion_matrix": [
      [
        1014333,
        315
      ],
      [
        631,
        404
      ]
    ],
    "confusion_matrix_dict": {
      "TN": 1014333,
      "FP": 315,
      "FN": 631,
      "TP": 404
    },
    "top_k_metrics": {
      "precision_at_100": 0.94,
      "precision_at_500": 0.652,
      "precision_at_1000": 0.452
    }
  },
  "best_epoch": 344,
  "best_val_aupr": 0.42724428049127533,
  "total_training_time_sec": 19725.008652599994,
  "batch_size": 8192,
  "eval_batch_size": 16384
}