{
  "train": {
    "precision": 0.550997150997151,
    "recall": 0.4208006962576153,
    "f1": 0.47717739945719223,
    "roc_auc": 0.989703107592319,
    "aupr": 0.5037772257536729,
    "balanced_accuracy": 0.7102709451004483,
    "mcc": 0.4811793616208417,
    "kappa": 0.47683570400686925,
    "specificity": 0.9997411939432814,
    "threshold": 0.9703015075376885,
    "confusion_matrix": [
      [
        3043963,
        788
      ],
      [
        1331,
        967
      ]
    ],
    "confusion_matrix_dict": {
      "TN": 3043963,
      "FP": 788,
      "FN": 1331,
      "TP": 967
    },
    "top_k_metrics": {
      "precision_at_100": 0.99,
      "precision_at_500": 0.91,
      "precision_at_1000": 0.734
    }
  },
  "val": {
    "precision": 0.5311572700296736,
    "recall": 0.33086876155268025,
    "f1": 0.40774487471526194,
    "roc_auc": 0.9823198643883467,
    "aupr": 0.38246529962817055,
    "balanced_accuracy": 0.6652786545351872,
    "mcc": 0.4187387410707063,
    "kappa": 0.40726014618017226,
    "specificity": 0.9996885475176941,
    "threshold": 0.9604522613065327,
    "confusion_matrix": [
      [
        1014285,
        316
      ],
      [
        724,
        358
      ]
    ],
    "confusion_matrix_dict": {
      "TN": 1014285,
      "FP": 316,
      "FN": 724,
      "TP": 358
    },
    "top_k_metrics": {
      "precision_at_100": 0.95,
      "precision_at_500": 0.626,
      "precision_at_1000": 0.408
    }
  },
  "test": {
    "precision": 0.4881940012763242,
    "recall": 0.4257095158597663,
    "f1": 0.45481569560047563,
    "roc_auc": 0.9836164043893946,
    "aupr": 0.45207307314228184,
    "balanced_accuracy": 0.7124592499536413,
    "mcc": 0.45498379171291126,
    "kappa": 0.4539155916340528,
    "specificity": 0.9992089840475162,
    "threshold": 0.9555276381909548,
    "confusion_matrix": [
      [
        1013084,
        802
      ],
      [
        1032,
        765
      ]
    ],
    "confusion_matrix_dict": {
      "TN": 1013084,
      "FP": 802,
      "FN": 1032,
      "TP": 765
    },
    "top_k_metrics": {
      "precision_at_100": 0.95,
      "precision_at_500": 0.83,
      "precision_at_1000": 0.62
    }
  },
  "best_epoch": 75,
  "best_val_aupr": 0.38246529962817055,
  "total_training_time_sec": 3259.819355600004,
  "batch_size": 8192,
  "eval_batch_size": 16384
}