{
  "edge_attr_means": [
    0.06178142502903938,
    0.30022886395454407,
    0.5051461458206177,
    281.65594482421875,
    0.07131501287221909,
    0.5405519008636475,
    0.0,
    0.39714017510414124,
    0.8638665676116943,
    0.5814333558082581,
    0.12279027700424194,
    1.0,
    0.16453513503074646,
    0.13022547960281372,
    0.20957466959953308,
    0.2614741325378418,
    0.06126242130994797,
    348.0550842285156,
    0.08375663310289383,
    0.05900297686457634,
    0.0,
    0.3254724442958832,
    4.143396854400635,
    5988644.5,
    15909223.0,
    4.059277534484863,
    3.8348798751831055,
    0.3578706979751587,
    6.718410968780518,
    -1.1749329331678382e-07,
    -1.9374374460312538e-06,
    -7.410153557430021e-07,
    1.193186136561053e-07,
    4.1467604637146,
    4509211.0,
    14971351.0,
    952.9963989257812,
    700.7621459960938
  ],
  "edge_attr_stds": [
    0.22393937408924103,
    0.7935097217559814,
    0.2462514042854309,
    1141.83837890625,
    0.24186505377292633,
    0.19677624106407166,
    0.0,
    0.17186005413532257,
    0.34293022751808167,
    0.4933248460292816,
    0.3281949758529663,
    0.0,
    0.2623547911643982,
    0.33655133843421936,
    0.1714002788066864,
    0.8137323260307312,
    0.22406049072742462,
    1252.4517822265625,
    0.25072792172431946,
    0.22534996271133423,
    0.0,
    0.2996199429035187,
    3.1294760704040527,
    281221952.0,
    1014030336.0,
    9.687803268432617,
    9.8309965133667,
    0.25663337111473083,
    231.61773681640625,
    0.9999998807907104,
    0.9999999403953552,
    0.9999997615814209,
    1.0,
    3.1369073390960693,
    463062400.0,
    851884352.0,
    3983.55029296875,
    2807.430419921875
  ],
  "edge_attr_mins": [
    0.0002687449741642922,
    0.0,
    0.1428571492433548,
    1.0,
    0.0004675081872846931,
    0.1666666716337204,
    0.0,
    5.3748990467283875e-05,
    0.0,
    0.0,
    0.0,
    1.0,
    0.0,
    0.0,
    0.0,
    0.0,
    0.00013440860493574291,
    1.0,
    0.00039824770647101104,
    0.00011304544750601053,
    0.0,
    0.0,
    0.0,
    9.999999974752427e-07,
    0.0,
    1.0,
    1.0,
    0.0,
    0.0,
    -2.178839921951294,
    -0.4835397005081177,
    -1.9000526666641235,
    -0.2613265812397003,
    0.0,
    9.999999974752427e-07,
    0.0,
    1.0,
    1.0
  ],
  "edge_attr_maxs": [
    1.0,
    11.9141845703125,
    1.0,
    7820.0,
    1.0,
    1.0,
    0.0,
    0.9229776859283447,
    1.0,
    1.0,
    1.0,
    1.0,
    60.28111267089844,
    1.0,
    1.0,
    199.60292053222656,
    1.0,
    7820.0,
    1.0,
    1.0,
    0.0,
    4.569881439208984,
    17.664583206176758,
    55034060800.0,
    166409535488.0,
    539.0,
    545.0,
    1.0,
    14230.0,
    3.201981544494629,
    4.222359657287598,
    2.3348758220672607,
    4.175714015960693,
    17.67569351196289,
    530661113856.0,
    729226870784.0,
    26365.0,
    14230.0
  ]
}