{
  "train": {
    "precision": 0.4814305364511692,
    "recall": 0.30461270670147955,
    "f1": 0.373134328358209,
    "roc_auc": 0.9886566519345801,
    "aupr": 0.3605369333986457,
    "balanced_accuracy": 0.6521825337017767,
    "mcc": 0.3825845523467453,
    "kappa": 0.37276769618258687,
    "specificity": 0.9997523607020739,
    "threshold": 0.9752261306532664,
    "confusion_matrix": [
      [
        3043997,
        754
      ],
      [
        1598,
        700
      ]
    ],
    "confusion_matrix_dict": {
      "TN": 3043997,
      "FP": 754,
      "FN": 1598,
      "TP": 700
    },
    "top_k_metrics": {
      "precision_at_100": 0.99,
      "precision_at_500": 0.768,
      "precision_at_1000": 0.582
    }
  },
  "val": {
    "precision": 0.4437726723095526,
    "recall": 0.3391866913123845,
    "f1": 0.38449449973808275,
    "roc_auc": 0.9840103571049312,
    "aupr": 0.3478144452889607,
    "balanced_accuracy": 0.6693666555583114,
    "mcc": 0.38740410132808323,
    "kappa": 0.38392586730304945,
    "specificity": 0.9995466198042383,
    "threshold": 0.9555276381909548,
    "confusion_matrix": [
      [
        1014141,
        460
      ],
      [
        715,
        367
      ]
    ],
    "confusion_matrix_dict": {
      "TN": 1014141,
      "FP": 460,
      "FN": 715,
      "TP": 367
    },
    "top_k_metrics": {
      "precision_at_100": 0.93,
      "precision_at_500": 0.57,
      "precision_at_1000": 0.396
    }
  },
  "test": {
    "precision": 0.5507246376811594,
    "recall": 0.4017807456872565,
    "f1": 0.4646074646074646,
    "roc_auc": 0.9861730318858003,
    "aupr": 0.4639757336593098,
    "balanced_accuracy": 0.7005999062625727,
    "mcc": 0.4696013652733208,
    "kappa": 0.46380714659398514,
    "specificity": 0.9994190668378891,
    "threshold": 0.9604522613065327,
    "confusion_matrix": [
      [
        1013297,
        589
      ],
      [
        1075,
        722
      ]
    ],
    "confusion_matrix_dict": {
      "TN": 1013297,
      "FP": 589,
      "FN": 1075,
      "TP": 722
    },
    "top_k_metrics": {
      "precision_at_100": 0.98,
      "precision_at_500": 0.836,
      "precision_at_1000": 0.619
    }
  },
  "best_epoch": 70,
  "best_val_aupr": 0.3478144452889607,
  "total_training_time_sec": 1863.7976082999958,
  "batch_size": 8192,
  "eval_batch_size": 16384
}