{
  "train": {
    "precision": 0.6223055295220243,
    "recall": 0.42755956213779783,
    "f1": 0.5068702290076336,
    "roc_auc": 0.9914442035977898,
    "aupr": 0.5087757700224933,
    "balanced_accuracy": 0.7136473869997589,
    "mcc": 0.5154205979336749,
    "kappa": 0.5064604619066372,
    "specificity": 0.9997352118617201,
    "threshold": 0.9801507537688443,
    "confusion_matrix": [
      [
        3043137,
        806
      ],
      [
        1778,
        1328
      ]
    ],
    "confusion_matrix_dict": {
      "TN": 3043137,
      "FP": 806,
      "FN": 1778,
      "TP": 1328
    },
    "top_k_metrics": {
      "precision_at_100": 0.99,
      "precision_at_500": 0.95,
      "precision_at_1000": 0.873
    }
  },
  "val": {
    "precision": 0.6672025723472669,
    "recall": 0.40057915057915056,
    "f1": 0.5006031363088058,
    "roc_auc": 0.9863081069338023,
    "aupr": 0.47644227231663605,
    "balanced_accuracy": 0.7001875693702753,
    "mcc": 0.5166104708674919,
    "kappa": 0.5002206501411651,
    "specificity": 0.9997959881614,
    "threshold": 0.9850753768844221,
    "confusion_matrix": [
      [
        1014440,
        207
      ],
      [
        621,
        415
      ]
    ],
    "confusion_matrix_dict": {
      "TN": 1014440,
      "FP": 207,
      "FN": 621,
      "TP": 415
    },
    "top_k_metrics": {
      "precision_at_100": 0.96,
      "precision_at_500": 0.732,
      "precision_at_1000": 0.489
    }
  },
  "test": {
    "precision": 0.5980113636363636,
    "recall": 0.4067632850241546,
    "f1": 0.484186313973548,
    "roc_auc": 0.9849884538621271,
    "aupr": 0.4649779906344206,
    "balanced_accuracy": 0.7032421852815895,
    "mcc": 0.4927843084366719,
    "kappa": 0.483760385605009,
    "specificity": 0.9997210855390244,
    "threshold": 0.9801507537688443,
    "confusion_matrix": [
      [
        1014365,
        283
      ],
      [
        614,
        421
      ]
    ],
    "confusion_matrix_dict": {
      "TN": 1014365,
      "FP": 283,
      "FN": 614,
      "TP": 421
    },
    "top_k_metrics": {
      "precision_at_100": 0.96,
      "precision_at_500": 0.728,
      "precision_at_1000": 0.477
    }
  },
  "best_epoch": 126,
  "best_val_aupr": 0.47644227231663605,
  "total_training_time_sec": 8166.557111100003,
  "batch_size": 8192,
  "eval_batch_size": 16384
}