{
  "train": {
    "precision": 0.40166204986149584,
    "recall": 0.3154917319408181,
    "f1": 0.35339995125517915,
    "roc_auc": 0.9870209234340178,
    "aupr": 0.33567100861964627,
    "balanced_accuracy": 0.6575685115660588,
    "mcc": 0.35554999763811496,
    "kappa": 0.3529706123173023,
    "specificity": 0.9996452911912994,
    "threshold": 0.9752261306532664,
    "confusion_matrix": [
      [
        3043671,
        1080
      ],
      [
        1573,
        725
      ]
    ],
    "confusion_matrix_dict": {
      "TN": 3043671,
      "FP": 1080,
      "FN": 1573,
      "TP": 725
    },
    "top_k_metrics": {
      "precision_at_100": 0.97,
      "precision_at_500": 0.758,
      "precision_at_1000": 0.558
    }
  },
  "val": {
    "precision": 0.38402625820568925,
    "recall": 0.3243992606284658,
    "f1": 0.3517034068136273,
    "roc_auc": 0.9832404966361571,
    "aupr": 0.323440090576624,
    "balanced_accuracy": 0.6619221813466092,
    "mcc": 0.3523229399298795,
    "kappa": 0.35107029212686913,
    "specificity": 0.9994451020647526,
    "threshold": 0.9604522613065327,
    "confusion_matrix": [
      [
        1014038,
        563
      ],
      [
        731,
        351
      ]
    ],
    "confusion_matrix_dict": {
      "TN": 1014038,
      "FP": 563,
      "FN": 731,
      "TP": 351
    },
    "top_k_metrics": {
      "precision_at_100": 0.94,
      "precision_at_500": 0.54,
      "precision_at_1000": 0.359
    }
  },
  "test": {
    "precision": 0.49485949280328995,
    "recall": 0.4017807456872565,
    "f1": 0.44348894348894347,
    "roc_auc": 0.9849202644861433,
    "aupr": 0.4395974718480017,
    "balanced_accuracy": 0.7005269197532413,
    "mcc": 0.4450170931067195,
    "kappa": 0.44260514400959505,
    "specificity": 0.9992730938192262,
    "threshold": 0.9604522613065327,
    "confusion_matrix": [
      [
        1013149,
        737
      ],
      [
        1075,
        722
      ]
    ],
    "confusion_matrix_dict": {
      "TN": 1013149,
      "FP": 737,
      "FN": 1075,
      "TP": 722
    },
    "top_k_metrics": {
      "precision_at_100": 0.96,
      "precision_at_500": 0.796,
      "precision_at_1000": 0.607
    }
  },
  "best_epoch": 58,
  "best_val_aupr": 0.323440090576624,
  "total_training_time_sec": 1594.785750799987,
  "batch_size": 8192,
  "eval_batch_size": 16384
}