{
  "train": {
    "precision": 0.4142548596112311,
    "recall": 0.417319408181027,
    "f1": 0.4157814871016692,
    "roc_auc": 0.9897908291485021,
    "aupr": 0.4202739327851531,
    "balanced_accuracy": 0.7084370257828292,
    "mcc": 0.4153417516126209,
    "kappa": 0.4153389269555241,
    "specificity": 0.9995546433846314,
    "threshold": 0.8964321608040201,
    "confusion_matrix": [
      [
        3043395,
        1356
      ],
      [
        1339,
        959
      ]
    ],
    "confusion_matrix_dict": {
      "TN": 3043395,
      "FP": 1356,
      "FN": 1339,
      "TP": 959
    },
    "top_k_metrics": {
      "precision_at_100": 0.99,
      "precision_at_500": 0.832,
      "precision_at_1000": 0.634
    }
  },
  "val": {
    "precision": 0.4603174603174603,
    "recall": 0.2948243992606285,
    "f1": 0.35943661971830987,
    "roc_auc": 0.9801263457433612,
    "aupr": 0.3337886999553675,
    "balanced_accuracy": 0.6472278907246459,
    "mcc": 0.36786109578651754,
    "kappa": 0.35890333705356303,
    "specificity": 0.9996313821886633,
    "threshold": 0.9013567839195981,
    "confusion_matrix": [
      [
        1014227,
        374
      ],
      [
        763,
        319
      ]
    ],
    "confusion_matrix_dict": {
      "TN": 1014227,
      "FP": 374,
      "FN": 763,
      "TP": 319
    },
    "top_k_metrics": {
      "precision_at_100": 0.96,
      "precision_at_500": 0.562,
      "precision_at_1000": 0.359
    }
  },
  "test": {
    "precision": 0.4584323040380047,
    "recall": 0.42960489705064,
    "f1": 0.4435507038207412,
    "roc_auc": 0.981983600322472,
    "aupr": 0.43191294092039756,
    "balanced_accuracy": 0.7143526938191695,
    "mcc": 0.4428307149954443,
    "kappa": 0.44259652972641983,
    "specificity": 0.9991004905876992,
    "threshold": 0.8718090452261307,
    "confusion_matrix": [
      [
        1012974,
        912
      ],
      [
        1025,
        772
      ]
    ],
    "confusion_matrix_dict": {
      "TN": 1012974,
      "FP": 912,
      "FN": 1025,
      "TP": 772
    },
    "top_k_metrics": {
      "precision_at_100": 0.98,
      "precision_at_500": 0.772,
      "precision_at_1000": 0.592
    }
  },
  "best_epoch": 73,
  "best_val_aupr": 0.3337886999553675,
  "total_training_time_sec": 1916.387065700008,
  "batch_size": 8192,
  "eval_batch_size": 16384
}