{
  "train": {
    "precision": 0.6387154326494202,
    "recall": 0.4610431423052157,
    "f1": 0.5355272999252056,
    "roc_auc": 0.9931857341613354,
    "aupr": 0.5383487714983676,
    "balanced_accuracy": 0.7303885200409412,
    "mcc": 0.5422656881768815,
    "kappa": 0.5351299915256196,
    "specificity": 0.9997338977766667,
    "threshold": 0.9850753768844221,
    "confusion_matrix": [
      [
        3043133,
        810
      ],
      [
        1674,
        1432
      ]
    ],
    "confusion_matrix_dict": {
      "TN": 3043133,
      "FP": 810,
      "FN": 1674,
      "TP": 1432
    },
    "top_k_metrics": {
      "precision_at_100": 1.0,
      "precision_at_500": 0.954,
      "precision_at_1000": 0.885
    }
  },
  "val": {
    "precision": 0.5902688860435339,
    "recall": 0.444980694980695,
    "f1": 0.507429829389103,
    "roc_auc": 0.9853708870003454,
    "aupr": 0.4807465652198174,
    "balanced_accuracy": 0.7223326571803185,
    "mcc": 0.5120743807787276,
    "kappa": 0.5069975378232485,
    "specificity": 0.999684619379942,
    "threshold": 0.9850753768844221,
    "confusion_matrix": [
      [
        1014327,
        320
      ],
      [
        575,
        461
      ]
    ],
    "confusion_matrix_dict": {
      "TN": 1014327,
      "FP": 320,
      "FN": 575,
      "TP": 461
    },
    "top_k_metrics": {
      "precision_at_100": 0.95,
      "precision_at_500": 0.734,
      "precision_at_1000": 0.499
    }
  },
  "test": {
    "precision": 0.5894590846047156,
    "recall": 0.4106280193236715,
    "f1": 0.48405466970387245,
    "roc_auc": 0.9844665237323492,
    "aupr": 0.4700389522132778,
    "balanced_accuracy": 0.7051681462688167,
    "mcc": 0.49155858257048757,
    "kappa": 0.48362256382797575,
    "specificity": 0.9997082732139619,
    "threshold": 0.9850753768844221,
    "confusion_matrix": [
      [
        1014352,
        296
      ],
      [
        610,
        425
      ]
    ],
    "confusion_matrix_dict": {
      "TN": 1014352,
      "FP": 296,
      "FN": 610,
      "TP": 425
    },
    "top_k_metrics": {
      "precision_at_100": 0.95,
      "precision_at_500": 0.732,
      "precision_at_1000": 0.484
    }
  },
  "best_epoch": 212,
  "best_val_aupr": 0.4807465652198174,
  "total_training_time_sec": 15314.759515599995,
  "batch_size": 8192,
  "eval_batch_size": 16384
}