{
  "train": {
    "precision": 0.5431731178222033,
    "recall": 0.41113972955569866,
    "f1": 0.46802272310793475,
    "roc_auc": 0.9908481418521832,
    "aupr": 0.459115387898924,
    "balanced_accuracy": 0.7053934488594172,
    "mcc": 0.4721034140641281,
    "kappa": 0.4675550683238334,
    "specificity": 0.9996471681631358,
    "threshold": 0.9604522613065327,
    "confusion_matrix": [
      [
        3042869,
        1074
      ],
      [
        1829,
        1277
      ]
    ],
    "confusion_matrix_dict": {
      "TN": 3042869,
      "FP": 1074,
      "FN": 1829,
      "TP": 1277
    },
    "top_k_metrics": {
      "precision_at_100": 0.98,
      "precision_at_500": 0.922,
      "precision_at_1000": 0.805
    }
  },
  "val": {
    "precision": 0.5360419397116645,
    "recall": 0.3947876447876448,
    "f1": 0.4546970539188438,
    "roc_auc": 0.9841160456195783,
    "aupr": 0.4177620466272568,
    "balanced_accuracy": 0.6972193774883528,
    "mcc": 0.45955634897483844,
    "kappa": 0.4542248400829959,
    "specificity": 0.9996511101890608,
    "threshold": 0.9653768844221106,
    "confusion_matrix": [
      [
        1014293,
        354
      ],
      [
        627,
        409
      ]
    ],
    "confusion_matrix_dict": {
      "TN": 1014293,
      "FP": 354,
      "FN": 627,
      "TP": 409
    },
    "top_k_metrics": {
      "precision_at_100": 0.94,
      "precision_at_500": 0.65,
      "precision_at_1000": 0.449
    }
  },
  "test": {
    "precision": 0.5233291298865069,
    "recall": 0.40096618357487923,
    "f1": 0.4540481400437637,
    "roc_auc": 0.9828204337263893,
    "aupr": 0.42290720686968336,
    "balanced_accuracy": 0.7002968202923003,
    "mcc": 0.4575998221701124,
    "kappa": 0.4535650282449203,
    "specificity": 0.9996274570097216,
    "threshold": 0.9604522613065327,
    "confusion_matrix": [
      [
        1014270,
        378
      ],
      [
        620,
        415
      ]
    ],
    "confusion_matrix_dict": {
      "TN": 1014270,
      "FP": 378,
      "FN": 620,
      "TP": 415
    },
    "top_k_metrics": {
      "precision_at_100": 0.94,
      "precision_at_500": 0.662,
      "precision_at_1000": 0.441
    }
  },
  "best_epoch": 132,
  "best_val_aupr": 0.41776204416714446,
  "total_training_time_sec": 7748.085916299955,
  "batch_size": 8192,
  "eval_batch_size": 16384
}