{
  "train": {
    "precision": 0.4556809024979855,
    "recall": 0.36413393432066965,
    "f1": 0.40479599141016465,
    "roc_auc": 0.9893381580823583,
    "aupr": 0.3759092180938657,
    "balanced_accuracy": 0.6818450479849083,
    "mcc": 0.40680548596224625,
    "kappa": 0.4042565271625397,
    "specificity": 0.999556161649147,
    "threshold": 0.9653768844221106,
    "confusion_matrix": [
      [
        3042550,
        1351
      ],
      [
        1975,
        1131
      ]
    ],
    "confusion_matrix_dict": {
      "TN": 3042550,
      "FP": 1351,
      "FN": 1975,
      "TP": 1131
    },
    "top_k_metrics": {
      "precision_at_100": 0.94,
      "precision_at_500": 0.796,
      "precision_at_1000": 0.683
    }
  },
  "val": {
    "precision": 0.5054263565891473,
    "recall": 0.31467181467181465,
    "f1": 0.38786436644854255,
    "roc_auc": 0.9838938126312724,
    "aupr": 0.34964822270047163,
    "balanced_accuracy": 0.6571787076390712,
    "mcc": 0.3983272937363953,
    "kappa": 0.387384834774417,
    "specificity": 0.9996856006063276,
    "threshold": 0.9752261306532664,
    "confusion_matrix": [
      [
        1014314,
        319
      ],
      [
        710,
        326
      ]
    ],
    "confusion_matrix_dict": {
      "TN": 1014314,
      "FP": 319,
      "FN": 710,
      "TP": 326
    },
    "top_k_metrics": {
      "precision_at_100": 0.9,
      "precision_at_500": 0.586,
      "precision_at_1000": 0.388
    }
  },
  "test": {
    "precision": 0.4546684709066306,
    "recall": 0.32463768115942027,
    "f1": 0.3788049605411499,
    "roc_auc": 0.9808166537270396,
    "aupr": 0.3290528560354651,
    "balanced_accuracy": 0.6621202468010667,
    "mcc": 0.3836647225725101,
    "kappa": 0.37827711625605487,
    "specificity": 0.9996028124427133,
    "threshold": 0.9703015075376885,
    "confusion_matrix": [
      [
        1014231,
        403
      ],
      [
        699,
        336
      ]
    ],
    "confusion_matrix_dict": {
      "TN": 1014231,
      "FP": 403,
      "FN": 699,
      "TP": 336
    },
    "top_k_metrics": {
      "precision_at_100": 0.85,
      "precision_at_500": 0.55,
      "precision_at_1000": 0.384
    }
  },
  "best_epoch": 198,
  "best_val_aupr": 0.34964822270047163,
  "total_training_time_sec": 11376.8898911,
  "batch_size": 8192,
  "eval_batch_size": 16384
}