{
  "train": {
    "precision": 0.5158761270090161,
    "recall": 0.42369607211848037,
    "f1": 0.4652642743503624,
    "roc_auc": 0.9880408411897669,
    "aupr": 0.45573973192680695,
    "balanced_accuracy": 0.7116451741791064,
    "mcc": 0.4670294569967989,
    "kappa": 0.46477221789132206,
    "specificity": 0.9995942762397325,
    "threshold": 0.9506030150753769,
    "confusion_matrix": [
      [
        3042708,
        1235
      ],
      [
        1790,
        1316
      ]
    ],
    "confusion_matrix_dict": {
      "TN": 3042708,
      "FP": 1235,
      "FN": 1790,
      "TP": 1316
    },
    "top_k_metrics": {
      "precision_at_100": 0.96,
      "precision_at_500": 0.912,
      "precision_at_1000": 0.808
    }
  },
  "val": {
    "precision": 0.5087108013937283,
    "recall": 0.42277992277992277,
    "f1": 0.46178176067474963,
    "roc_auc": 0.9846656861543567,
    "aupr": 0.4242216167159677,
    "balanced_accuracy": 0.7111815145113918,
    "mcc": 0.46326207576542827,
    "kappa": 0.4612829587714953,
    "specificity": 0.9995831062428608,
    "threshold": 0.9506030150753769,
    "confusion_matrix": [
      [
        1014224,
        423
      ],
      [
        598,
        438
      ]
    ],
    "confusion_matrix_dict": {
      "TN": 1014224,
      "FP": 423,
      "FN": 598,
      "TP": 438
    },
    "top_k_metrics": {
      "precision_at_100": 0.89,
      "precision_at_500": 0.656,
      "precision_at_1000": 0.463
    }
  },
  "test": {
    "precision": 0.4896073903002309,
    "recall": 0.4096618357487923,
    "f1": 0.4460810099947396,
    "roc_auc": 0.984006695527774,
    "aupr": 0.4169565904344707,
    "balanced_accuracy": 0.7046131083483339,
    "mcc": 0.44734080239768176,
    "kappa": 0.4455662585317647,
    "specificity": 0.9995643809478755,
    "threshold": 0.9506030150753769,
    "confusion_matrix": [
      [
        1014206,
        442
      ],
      [
        611,
        424
      ]
    ],
    "confusion_matrix_dict": {
      "TN": 1014206,
      "FP": 442,
      "FN": 611,
      "TP": 424
    },
    "top_k_metrics": {
      "precision_at_100": 0.94,
      "precision_at_500": 0.65,
      "precision_at_1000": 0.447
    }
  },
  "best_epoch": 350,
  "best_val_aupr": 0.42422161671596775,
  "total_training_time_sec": 16874.881013999926,
  "batch_size": 8192,
  "eval_batch_size": 16384
}