{
  "train": {
    "precision": 0.6391286477599671,
    "recall": 0.6766753698868582,
    "f1": 0.6573663073346016,
    "roc_auc": 0.9879435263564187,
    "aupr": 0.6613040137819929,
    "balanced_accuracy": 0.8381935023813739,
    "mcc": 0.6573684264008627,
    "kappa": 0.6571003225344841,
    "specificity": 0.9997116348758897,
    "threshold": 0.9653768844221106,
    "confusion_matrix": [
      [
        3043873,
        878
      ],
      [
        743,
        1555
      ]
    ],
    "confusion_matrix_dict": {
      "TN": 3043873,
      "FP": 878,
      "FN": 743,
      "TP": 1555
    },
    "top_k_metrics": {
      "precision_at_100": 1.0,
      "precision_at_500": 0.924,
      "precision_at_1000": 0.854
    }
  },
  "val": {
    "precision": 0.5827702702702703,
    "recall": 0.3188539741219963,
    "f1": 0.4121863799283154,
    "roc_auc": 0.9806214799669363,
    "aupr": 0.36769537647942524,
    "balanced_accuracy": 0.6593052643345273,
    "mcc": 0.4306337409793511,
    "kappa": 0.4117431466894338,
    "specificity": 0.9997565545470584,
    "threshold": 0.9752261306532664,
    "confusion_matrix": [
      [
        1014354,
        247
      ],
      [
        737,
        345
      ]
    ],
    "confusion_matrix_dict": {
      "TN": 1014354,
      "FP": 247,
      "FN": 737,
      "TP": 345
    },
    "top_k_metrics": {
      "precision_at_100": 0.93,
      "precision_at_500": 0.63,
      "precision_at_1000": 0.409
    }
  },
  "test": {
    "precision": 0.538965768390386,
    "recall": 0.41179744017807457,
    "f1": 0.4668769716088328,
    "roc_auc": 0.9843021854730005,
    "aupr": 0.4526468276448064,
    "balanced_accuracy": 0.7055865548160184,
    "mcc": 0.4702975149031061,
    "kappa": 0.4660586486788708,
    "specificity": 0.9993756694539623,
    "threshold": 0.9604522613065327,
    "confusion_matrix": [
      [
        1013253,
        633
      ],
      [
        1057,
        740
      ]
    ],
    "confusion_matrix_dict": {
      "TN": 1013253,
      "FP": 633,
      "FN": 1057,
      "TP": 740
    },
    "top_k_metrics": {
      "precision_at_100": 0.95,
      "precision_at_500": 0.832,
      "precision_at_1000": 0.642
    }
  },
  "best_epoch": 108,
  "best_val_aupr": 0.36769537647942524,
  "total_training_time_sec": 2792.242317299999,
  "batch_size": 8192,
  "eval_batch_size": 16384
}