{
  "train": {
    "precision": 0.6814734561213435,
    "recall": 0.5474325500435161,
    "f1": 0.6071428571428571,
    "roc_auc": 0.9882063436142358,
    "aupr": 0.5871439373452594,
    "balanced_accuracy": 0.7736197140696277,
    "mcc": 0.6105262060096446,
    "kappa": 0.6068787105083517,
    "specificity": 0.9998068780957392,
    "threshold": 0.8816582914572865,
    "confusion_matrix": [
      [
        3044121,
        588
      ],
      [
        1040,
        1258
      ]
    ],
    "confusion_matrix_dict": {
      "TN": 3044121,
      "FP": 588,
      "FN": 1040,
      "TP": 1258
    },
    "top_k_metrics": {
      "precision_at_100": 0.94,
      "precision_at_500": 0.906,
      "precision_at_1000": 0.832
    }
  },
  "val": {
    "precision": 0.4316860465116279,
    "recall": 0.2744916820702403,
    "f1": 0.33559322033898303,
    "roc_auc": 0.9710531529262865,
    "aupr": 0.2614060077537243,
    "balanced_accuracy": 0.6370531517930936,
    "mcc": 0.34367989322256365,
    "kappa": 0.3350425215699019,
    "specificity": 0.9996146215159469,
    "threshold": 0.8028643216080402,
    "confusion_matrix": [
      [
        1014196,
        391
      ],
      [
        785,
        297
      ]
    ],
    "confusion_matrix_dict": {
      "TN": 1014196,
      "FP": 391,
      "FN": 785,
      "TP": 297
    },
    "top_k_metrics": {
      "precision_at_100": 0.8,
      "precision_at_500": 0.522,
      "precision_at_1000": 0.344
    }
  },
  "test": {
    "precision": 0.32251908396946566,
    "recall": 0.28213689482470783,
    "f1": 0.3009795191451469,
    "roc_auc": 0.9760362756467765,
    "aupr": 0.24376162867965961,
    "balanced_accuracy": 0.6405432331841279,
    "mcc": 0.30049657010549086,
    "kappa": 0.2998234469137291,
    "specificity": 0.9989495715435479,
    "threshold": 0.8471859296482412,
    "confusion_matrix": [
      [
        1012807,
        1065
      ],
      [
        1290,
        507
      ]
    ],
    "confusion_matrix_dict": {
      "TN": 1012807,
      "FP": 1065,
      "FN": 1290,
      "TP": 507
    },
    "top_k_metrics": {
      "precision_at_100": 0.84,
      "precision_at_500": 0.544,
      "precision_at_1000": 0.398
    }
  },
  "best_epoch": 42,
  "best_val_aupr": 0.2614060077537243,
  "total_training_time_sec": 1234.840851499932,
  "batch_size": 8192,
  "eval_batch_size": 16384
}