{
  "train": {
    "precision": 0.475883152173913,
    "recall": 0.4510624597553123,
    "f1": 0.4631404958677686,
    "roc_auc": 0.987577752180342,
    "aupr": 0.45476658522154667,
    "balanced_accuracy": 0.7252777757229627,
    "mcc": 0.4627736383615227,
    "kappa": 0.4626073744352942,
    "specificity": 0.9994930916906132,
    "threshold": 0.9456783919597991,
    "confusion_matrix": [
      [
        3042400,
        1543
      ],
      [
        1705,
        1401
      ]
    ],
    "confusion_matrix_dict": {
      "TN": 3042400,
      "FP": 1543,
      "FN": 1705,
      "TP": 1401
    },
    "top_k_metrics": {
      "precision_at_100": 0.98,
      "precision_at_500": 0.93,
      "precision_at_1000": 0.8
    }
  },
  "val": {
    "precision": 0.5472703062583223,
    "recall": 0.3967181467181467,
    "f1": 0.4599888080581981,
    "roc_auc": 0.9856499258830809,
    "aupr": 0.4197156321374669,
    "balanced_accuracy": 0.6981915274046675,
    "mcc": 0.46549391103671706,
    "kappa": 0.4595254441476946,
    "specificity": 0.9996649080911884,
    "threshold": 0.9604522613065327,
    "confusion_matrix": [
      [
        1014307,
        340
      ],
      [
        625,
        411
      ]
    ],
    "confusion_matrix_dict": {
      "TN": 1014307,
      "FP": 340,
      "FN": 625,
      "TP": 411
    },
    "top_k_metrics": {
      "precision_at_100": 0.89,
      "precision_at_500": 0.66,
      "precision_at_1000": 0.452
    }
  },
  "test": {
    "precision": 0.47562296858071507,
    "recall": 0.4241545893719807,
    "f1": 0.4484167517875383,
    "roc_auc": 0.9847959895051488,
    "aupr": 0.42149699339118674,
    "balanced_accuracy": 0.7118387883271349,
    "mcc": 0.4486222773747807,
    "kappa": 0.4478863198275167,
    "specificity": 0.999522987282289,
    "threshold": 0.9506030150753769,
    "confusion_matrix": [
      [
        1014164,
        484
      ],
      [
        596,
        439
      ]
    ],
    "confusion_matrix_dict": {
      "TN": 1014164,
      "FP": 484,
      "FN": 596,
      "TP": 439
    },
    "top_k_metrics": {
      "precision_at_100": 0.93,
      "precision_at_500": 0.644,
      "precision_at_1000": 0.456
    }
  },
  "best_epoch": 338,
  "best_val_aupr": 0.4197156321374668,
  "total_training_time_sec": 19781.461688500014,
  "batch_size": 8192,
  "eval_batch_size": 16384
}