{
  "train": {
    "precision": 0.0015494636471990466,
    "recall": 0.07354221061792864,
    "f1": 0.0030349831190288053,
    "roc_auc": 0.4783793781414827,
    "aupr": 0.0007992372594124791,
    "balanced_accuracy": 0.5188874586287725,
    "mcc": 0.005581841926961484,
    "kappa": 0.0015600463166304257,
    "specificity": 0.9642327066396165,
    "threshold": 0.09371859296482411,
    "confusion_matrix": [
      [
        2935808,
        108901
      ],
      [
        2129,
        169
      ]
    ],
    "confusion_matrix_dict": {
      "TN": 2935808,
      "FP": 108901,
      "FN": 2129,
      "TP": 169
    },
    "top_k_metrics": {
      "precision_at_100": 0.0,
      "precision_at_500": 0.0,
      "precision_at_1000": 0.002
    }
  },
  "val": {
    "precision": 0.006384676775738229,
    "recall": 0.0073937153419593345,
    "f1": 0.006852248394004282,
    "roc_auc": 0.4971952989578359,
    "aupr": 0.001381787536774781,
    "balanced_accuracy": 0.503083307526931,
    "mcc": 0.005730882906938543,
    "kappa": 0.005715459211342422,
    "specificity": 0.9987728997119025,
    "threshold": 0.1035678391959799,
    "confusion_matrix": [
      [
        1013342,
        1245
      ],
      [
        1074,
        8
      ]
    ],
    "confusion_matrix_dict": {
      "TN": 1013342,
      "FP": 1245,
      "FN": 1074,
      "TP": 8
    },
    "top_k_metrics": {
      "precision_at_100": 0.01,
      "precision_at_500": 0.01,
      "precision_at_1000": 0.007
    }
  },
  "test": {
    "precision": 0.013071895424836602,
    "recall": 0.0022259321090706734,
    "f1": 0.0038040893961008085,
    "roc_auc": 0.7144396210668226,
    "aupr": 0.0041163436770337925,
    "balanced_accuracy": 0.5009640320668131,
    "mcc": 0.004668912114408634,
    "kappa": 0.0032909014439413964,
    "specificity": 0.9997021320245554,
    "threshold": 0.1035678391959799,
    "confusion_matrix": [
      [
        1013570,
        302
      ],
      [
        1793,
        4
      ]
    ],
    "confusion_matrix_dict": {
      "TN": 1013570,
      "FP": 302,
      "FN": 1793,
      "TP": 4
    },
    "top_k_metrics": {
      "precision_at_100": 0.01,
      "precision_at_500": 0.008,
      "precision_at_1000": 0.004
    }
  },
  "best_epoch": 3,
  "best_val_aupr": 0.001381787536774781,
  "total_training_time_sec": 1346.9113623000449,
  "batch_size": 4096,
  "eval_batch_size": 8192,
  "use_amp": false
}