{
  "train": {
    "precision": 0.5615819209039548,
    "recall": 0.6488250652741514,
    "f1": 0.6020593579648698,
    "roc_auc": 0.9913379474771697,
    "aupr": 0.5985829196611359,
    "balanced_accuracy": 0.824221384001276,
    "mcc": 0.6033090814317135,
    "kappa": 0.6017373501897507,
    "specificity": 0.9996177027284004,
    "threshold": 0.9161306532663317,
    "confusion_matrix": [
      [
        3043587,
        1164
      ],
      [
        807,
        1491
      ]
    ],
    "confusion_matrix_dict": {
      "TN": 3043587,
      "FP": 1164,
      "FN": 807,
      "TP": 1491
    },
    "top_k_metrics": {
      "precision_at_100": 1.0,
      "precision_at_500": 0.914,
      "precision_at_1000": 0.777
    }
  },
  "val": {
    "precision": 0.5356600910470409,
    "recall": 0.32624768946395566,
    "f1": 0.4055140723721999,
    "roc_auc": 0.9773698894347514,
    "aupr": 0.3767570549556687,
    "balanced_accuracy": 0.662973046536431,
    "mcc": 0.4175670200969152,
    "kappa": 0.40503425310863306,
    "specificity": 0.9996984036089064,
    "threshold": 0.9259798994974875,
    "confusion_matrix": [
      [
        1014295,
        306
      ],
      [
        729,
        353
      ]
    ],
    "confusion_matrix_dict": {
      "TN": 1014295,
      "FP": 306,
      "FN": 729,
      "TP": 353
    },
    "top_k_metrics": {
      "precision_at_100": 0.95,
      "precision_at_500": 0.636,
      "precision_at_1000": 0.407
    }
  },
  "test": {
    "precision": 0.47793660658794285,
    "recall": 0.4279354479688369,
    "f1": 0.451556077510276,
    "roc_auc": 0.9794695082229509,
    "aupr": 0.44235684158056193,
    "balanced_accuracy": 0.7135534762287536,
    "mcc": 0.45132812366682074,
    "kappa": 0.4506377658679869,
    "specificity": 0.9991715044886703,
    "threshold": 0.8865829145728643,
    "confusion_matrix": [
      [
        1013046,
        840
      ],
      [
        1028,
        769
      ]
    ],
    "confusion_matrix_dict": {
      "TN": 1013046,
      "FP": 840,
      "FN": 1028,
      "TP": 769
    },
    "top_k_metrics": {
      "precision_at_100": 0.95,
      "precision_at_500": 0.82,
      "precision_at_1000": 0.614
    }
  },
  "best_epoch": 92,
  "best_val_aupr": 0.3767570549556687,
  "total_training_time_sec": 2333.927958799999,
  "batch_size": 8192,
  "eval_batch_size": 16384
}