{
  "train": {
    "precision": 0.3072789447972643,
    "recall": 0.27371627502175805,
    "f1": 0.28952819332566165,
    "roc_auc": 0.9844966821967767,
    "aupr": 0.23357029060869497,
    "balanced_accuracy": 0.6366252777466487,
    "mcc": 0.2895071167354498,
    "kappa": 0.289022969045055,
    "specificity": 0.9995342804715394,
    "threshold": 0.9653768844221106,
    "confusion_matrix": [
      [
        3043333,
        1418
      ],
      [
        1669,
        629
      ]
    ],
    "confusion_matrix_dict": {
      "TN": 3043333,
      "FP": 1418,
      "FN": 1669,
      "TP": 629
    },
    "top_k_metrics": {
      "precision_at_100": 0.89,
      "precision_at_500": 0.564,
      "precision_at_1000": 0.421
    }
  },
  "val": {
    "precision": 0.3810126582278481,
    "recall": 0.27818853974122,
    "f1": 0.3215811965811966,
    "roc_auc": 0.9820762176233757,
    "aupr": 0.26376341230557093,
    "balanced_accuracy": 0.6388532884404714,
    "mcc": 0.3249554045608994,
    "kappa": 0.3209706639829092,
    "specificity": 0.9995180371397229,
    "threshold": 0.9604522613065327,
    "confusion_matrix": [
      [
        1014112,
        489
      ],
      [
        781,
        301
      ]
    ],
    "confusion_matrix_dict": {
      "TN": 1014112,
      "FP": 489,
      "FN": 781,
      "TP": 301
    },
    "top_k_metrics": {
      "precision_at_100": 0.82,
      "precision_at_500": 0.468,
      "precision_at_1000": 0.322
    }
  },
  "test": {
    "precision": 0.433411214953271,
    "recall": 0.4129104062326099,
    "f1": 0.42291251068680535,
    "roc_auc": 0.9853126941724608,
    "aupr": 0.40309876669323974,
    "balanced_accuracy": 0.7059768455889301,
    "mcc": 0.4220387742181821,
    "kappa": 0.42191450652424556,
    "specificity": 0.9990432849452503,
    "threshold": 0.9506030150753769,
    "confusion_matrix": [
      [
        1012916,
        970
      ],
      [
        1055,
        742
      ]
    ],
    "confusion_matrix_dict": {
      "TN": 1012916,
      "FP": 970,
      "FN": 1055,
      "TP": 742
    },
    "top_k_metrics": {
      "precision_at_100": 0.96,
      "precision_at_500": 0.738,
      "precision_at_1000": 0.571
    }
  },
  "best_epoch": 35,
  "best_val_aupr": 0.26376341230557093,
  "total_training_time_sec": 1087.8149042000005,
  "batch_size": 8192,
  "eval_batch_size": 16384
}