{
  "train": {
    "precision": 0.722707423580786,
    "recall": 0.7201914708442123,
    "f1": 0.7214472537053183,
    "roc_auc": 0.9912687110572346,
    "aupr": 0.6872232846887976,
    "balanced_accuracy": 0.8599914576010298,
    "mcc": 0.7212384833276185,
    "kappa": 0.72123738524112,
    "specificity": 0.9997914443578473,
    "threshold": 0.8471859296482412,
    "confusion_matrix": [
      [
        3044116,
        635
      ],
      [
        643,
        1655
      ]
    ],
    "confusion_matrix_dict": {
      "TN": 3044116,
      "FP": 635,
      "FN": 643,
      "TP": 1655
    },
    "top_k_metrics": {
      "precision_at_100": 0.99,
      "precision_at_500": 0.908,
      "precision_at_1000": 0.857
    }
  },
  "val": {
    "precision": 0.43209876543209874,
    "recall": 0.2587800369685767,
    "f1": 0.3236994219653179,
    "roc_auc": 0.9752528429444199,
    "aupr": 0.2719540137000558,
    "balanced_accuracy": 0.6292086664059837,
    "mcc": 0.3338527064924747,
    "kappa": 0.3231592718667583,
    "specificity": 0.9996372958433907,
    "threshold": 0.8865829145728643,
    "confusion_matrix": [
      [
        1014233,
        368
      ],
      [
        802,
        280
      ]
    ],
    "confusion_matrix_dict": {
      "TN": 1014233,
      "FP": 368,
      "FN": 802,
      "TP": 280
    },
    "top_k_metrics": {
      "precision_at_100": 0.77,
      "precision_at_500": 0.502,
      "precision_at_1000": 0.326
    }
  },
  "test": {
    "precision": 0.3527204502814259,
    "recall": 0.31385642737896496,
    "f1": 0.3321554770318021,
    "roc_auc": 0.9778805381593068,
    "aupr": 0.28923400857226783,
    "balanced_accuracy": 0.6564178012762526,
    "mcc": 0.33160691400805065,
    "kappa": 0.33104092532591944,
    "specificity": 0.9989791751735402,
    "threshold": 0.8816582914572865,
    "confusion_matrix": [
      [
        1012851,
        1035
      ],
      [
        1233,
        564
      ]
    ],
    "confusion_matrix_dict": {
      "TN": 1012851,
      "FP": 1035,
      "FN": 1233,
      "TP": 564
    },
    "top_k_metrics": {
      "precision_at_100": 0.87,
      "precision_at_500": 0.588,
      "precision_at_1000": 0.439
    }
  },
  "best_epoch": 75,
  "best_val_aupr": 0.2719540137000558,
  "total_training_time_sec": 1959.356583700006,
  "batch_size": 8192,
  "eval_batch_size": 16384
}