{
  "train": {
    "precision": 0.4616467276565799,
    "recall": 0.2854656222802437,
    "f1": 0.3527830061844582,
    "roc_auc": 0.9866470004454432,
    "aupr": 0.3277012235015047,
    "balanced_accuracy": 0.6426071851037071,
    "mcc": 0.36264929625332126,
    "kappa": 0.35240978287393576,
    "specificity": 0.9997487479271704,
    "threshold": 0.9752261306532664,
    "confusion_matrix": [
      [
        3043986,
        765
      ],
      [
        1642,
        656
      ]
    ],
    "confusion_matrix_dict": {
      "TN": 3043986,
      "FP": 765,
      "FN": 1642,
      "TP": 656
    },
    "top_k_metrics": {
      "precision_at_100": 0.99,
      "precision_at_500": 0.742,
      "precision_at_1000": 0.559
    }
  },
  "val": {
    "precision": 0.44931506849315067,
    "recall": 0.3031423290203327,
    "f1": 0.3620309050772627,
    "roc_auc": 0.9843757284182013,
    "aupr": 0.3404496931852624,
    "balanced_accuracy": 0.6513730570768009,
    "mcc": 0.36851524186816526,
    "kappa": 0.361482834716202,
    "specificity": 0.9996037851332691,
    "threshold": 0.9604522613065327,
    "confusion_matrix": [
      [
        1014199,
        402
      ],
      [
        754,
        328
      ]
    ],
    "confusion_matrix_dict": {
      "TN": 1014199,
      "FP": 402,
      "FN": 754,
      "TP": 328
    },
    "top_k_metrics": {
      "precision_at_100": 0.91,
      "precision_at_500": 0.556,
      "precision_at_1000": 0.372
    }
  },
  "test": {
    "precision": 0.5080385852090032,
    "recall": 0.43962159154145797,
    "f1": 0.4713603818615752,
    "roc_auc": 0.9850558294434995,
    "aupr": 0.4661189807556921,
    "balanced_accuracy": 0.7194335344218199,
    "mcc": 0.4717262154530215,
    "kappa": 0.47049118235870113,
    "specificity": 0.9992454773021819,
    "threshold": 0.9506030150753769,
    "confusion_matrix": [
      [
        1013121,
        765
      ],
      [
        1007,
        790
      ]
    ],
    "confusion_matrix_dict": {
      "TN": 1013121,
      "FP": 765,
      "FN": 1007,
      "TP": 790
    },
    "top_k_metrics": {
      "precision_at_100": 0.96,
      "precision_at_500": 0.844,
      "precision_at_1000": 0.635
    }
  },
  "best_epoch": 58,
  "best_val_aupr": 0.3404496931852624,
  "total_training_time_sec": 1589.279676399994,
  "batch_size": 8192,
  "eval_batch_size": 16384
}