{
  "train": {
    "precision": 0.4922737306843267,
    "recall": 0.29112271540469975,
    "f1": 0.36587366694011486,
    "roc_auc": 0.9875073072259892,
    "aupr": 0.3521061024788519,
    "balanced_accuracy": 0.645448047944015,
    "mcc": 0.3782127964177042,
    "kappa": 0.3655180238560526,
    "specificity": 0.9997733804833302,
    "threshold": 0.9506030150753769,
    "confusion_matrix": [
      [
        3044061,
        690
      ],
      [
        1629,
        669
      ]
    ],
    "confusion_matrix_dict": {
      "TN": 3044061,
      "FP": 690,
      "FN": 1629,
      "TP": 669
    },
    "top_k_metrics": {
      "precision_at_100": 1.0,
      "precision_at_500": 0.794,
      "precision_at_1000": 0.586
    }
  },
  "val": {
    "precision": 0.47132867132867134,
    "recall": 0.31146025878003697,
    "f1": 0.37506956037840844,
    "roc_auc": 0.9834820082183369,
    "aupr": 0.34286350982628555,
    "balanced_accuracy": 0.6555438492661078,
    "mcc": 0.3826175755386684,
    "kappa": 0.3745393392410872,
    "specificity": 0.9996274397521785,
    "threshold": 0.9210552763819095,
    "confusion_matrix": [
      [
        1014223,
        378
      ],
      [
        745,
        337
      ]
    ],
    "confusion_matrix_dict": {
      "TN": 1014223,
      "FP": 378,
      "FN": 745,
      "TP": 337
    },
    "top_k_metrics": {
      "precision_at_100": 0.94,
      "precision_at_500": 0.568,
      "precision_at_1000": 0.377
    }
  },
  "test": {
    "precision": 0.5343953656770456,
    "recall": 0.41068447412353926,
    "f1": 0.4644430459408433,
    "roc_auc": 0.9849221964787501,
    "aupr": 0.4615652198877156,
    "balanced_accuracy": 0.70502514026785,
    "mcc": 0.4676546261311639,
    "kappa": 0.4636182744359306,
    "specificity": 0.9993658064121608,
    "threshold": 0.9210552763819095,
    "confusion_matrix": [
      [
        1013243,
        643
      ],
      [
        1059,
        738
      ]
    ],
    "confusion_matrix_dict": {
      "TN": 1013243,
      "FP": 643,
      "FN": 1059,
      "TP": 738
    },
    "top_k_metrics": {
      "precision_at_100": 0.98,
      "precision_at_500": 0.804,
      "precision_at_1000": 0.629
    }
  },
  "best_epoch": 56,
  "best_val_aupr": 0.34286350982628555,
  "total_training_time_sec": 1549.4121016999998,
  "batch_size": 8192,
  "eval_batch_size": 16384
}