{
  "train": {
    "precision": 0.4972835929011228,
    "recall": 0.44204764971023824,
    "f1": 0.46804158854610534,
    "roc_auc": 0.988363271958728,
    "aupr": 0.4623650149097834,
    "balanced_accuracy": 0.7207958310983372,
    "mcc": 0.46834272349779915,
    "kappa": 0.46753073445897664,
    "specificity": 0.9995440124864362,
    "threshold": 0.9506030150753769,
    "confusion_matrix": [
      [
        3042555,
        1388
      ],
      [
        1733,
        1373
      ]
    ],
    "confusion_matrix_dict": {
      "TN": 3042555,
      "FP": 1388,
      "FN": 1733,
      "TP": 1373
    },
    "top_k_metrics": {
      "precision_at_100": 0.99,
      "precision_at_500": 0.932,
      "precision_at_1000": 0.806
    }
  },
  "val": {
    "precision": 0.5143884892086331,
    "recall": 0.4140926640926641,
    "f1": 0.4588235294117647,
    "roc_auc": 0.9856070019832639,
    "aupr": 0.4281195437115937,
    "balanced_accuracy": 0.7068467552477016,
    "mcc": 0.4610333416376068,
    "kappa": 0.45833070725186165,
    "specificity": 0.999600846402739,
    "threshold": 0.9555276381909548,
    "confusion_matrix": [
      [
        1014242,
        405
      ],
      [
        607,
        429
      ]
    ],
    "confusion_matrix_dict": {
      "TN": 1014242,
      "FP": 405,
      "FN": 607,
      "TP": 429
    },
    "top_k_metrics": {
      "precision_at_100": 0.91,
      "precision_at_500": 0.672,
      "precision_at_1000": 0.457
    }
  },
  "test": {
    "precision": 0.5260545905707196,
    "recall": 0.4096618357487923,
    "f1": 0.46061922868006516,
    "roc_auc": 0.9849463660170555,
    "aupr": 0.4264894200873565,
    "balanced_accuracy": 0.7046426752523243,
    "mcc": 0.4637456522083975,
    "kappa": 0.4601375287829048,
    "specificity": 0.9996235147558562,
    "threshold": 0.9604522613065327,
    "confusion_matrix": [
      [
        1014266,
        382
      ],
      [
        611,
        424
      ]
    ],
    "confusion_matrix_dict": {
      "TN": 1014266,
      "FP": 382,
      "FN": 611,
      "TP": 424
    },
    "top_k_metrics": {
      "precision_at_100": 0.94,
      "precision_at_500": 0.66,
      "precision_at_1000": 0.462
    }
  },
  "best_epoch": 348,
  "best_val_aupr": 0.4281195437115937,
  "total_training_time_sec": 16789.513356299954,
  "batch_size": 8192,
  "eval_batch_size": 16384
}