{
  "train": {
    "precision": 0.5290768605124034,
    "recall": 0.5661444734551784,
    "f1": 0.5469833928946816,
    "roc_auc": 0.9906478683100665,
    "aupr": 0.5613911639301168,
    "balanced_accuracy": 0.7828820733940358,
    "mcc": 0.5469437356775676,
    "kappa": 0.5466299015109446,
    "specificity": 0.9996196733328933,
    "threshold": 0.9653768844221106,
    "confusion_matrix": [
      [
        3043593,
        1158
      ],
      [
        997,
        1301
      ]
    ],
    "confusion_matrix_dict": {
      "TN": 3043593,
      "FP": 1158,
      "FN": 997,
      "TP": 1301
    },
    "top_k_metrics": {
      "precision_at_100": 1.0,
      "precision_at_500": 0.938,
      "precision_at_1000": 0.757
    }
  },
  "val": {
    "precision": 0.4195064629847238,
    "recall": 0.3299445471349353,
    "f1": 0.3693740300051733,
    "roc_auc": 0.9832161738617113,
    "aupr": 0.3517268689890755,
    "balanced_accuracy": 0.664728828114526,
    "mcc": 0.3714488527556295,
    "kappa": 0.3687819557404971,
    "specificity": 0.9995131090941168,
    "threshold": 0.9703015075376885,
    "confusion_matrix": [
      [
        1014107,
        494
      ],
      [
        725,
        357
      ]
    ],
    "confusion_matrix_dict": {
      "TN": 1014107,
      "FP": 494,
      "FN": 725,
      "TP": 357
    },
    "top_k_metrics": {
      "precision_at_100": 0.98,
      "precision_at_500": 0.56,
      "precision_at_1000": 0.378
    }
  },
  "test": {
    "precision": 0.495225102319236,
    "recall": 0.4040066777963272,
    "f1": 0.4449892736745326,
    "roc_auc": 0.9834304811116815,
    "aupr": 0.4377774376723828,
    "balanced_accuracy": 0.7016384063515065,
    "mcc": 0.44641566476677175,
    "kappa": 0.44410552425000616,
    "specificity": 0.9992701349066858,
    "threshold": 0.9653768844221106,
    "confusion_matrix": [
      [
        1013146,
        740
      ],
      [
        1071,
        726
      ]
    ],
    "confusion_matrix_dict": {
      "TN": 1013146,
      "FP": 740,
      "FN": 1071,
      "TP": 726
    },
    "top_k_metrics": {
      "precision_at_100": 0.94,
      "precision_at_500": 0.82,
      "precision_at_1000": 0.598
    }
  },
  "best_epoch": 81,
  "best_val_aupr": 0.3517268689890755,
  "total_training_time_sec": 2089.300400299995,
  "batch_size": 8192,
  "eval_batch_size": 16384
}