{
  "train": {
    "precision": 0.5443786982248521,
    "recall": 0.5604873803307223,
    "f1": 0.5523156089193825,
    "roc_auc": 0.9894667602526006,
    "aupr": 0.568217678339015,
    "balanced_accuracy": 0.780066664195093,
    "mcc": 0.5520315583798271,
    "kappa": 0.5519727928522042,
    "specificity": 0.9996459480594636,
    "threshold": 0.9752261306532664,
    "confusion_matrix": [
      [
        3043673,
        1078
      ],
      [
        1010,
        1288
      ]
    ],
    "confusion_matrix_dict": {
      "TN": 3043673,
      "FP": 1078,
      "FN": 1010,
      "TP": 1288
    },
    "top_k_metrics": {
      "precision_at_100": 1.0,
      "precision_at_500": 0.934,
      "precision_at_1000": 0.799
    }
  },
  "val": {
    "precision": 0.5142450142450142,
    "recall": 0.333641404805915,
    "f1": 0.4047085201793722,
    "roc_auc": 0.9830872977263413,
    "aupr": 0.3848617367599925,
    "balanced_accuracy": 0.6666526560477892,
    "mcc": 0.41371950501517346,
    "kappa": 0.4042090204484592,
    "specificity": 0.9996639072896636,
    "threshold": 0.9752261306532664,
    "confusion_matrix": [
      [
        1014260,
        341
      ],
      [
        721,
        361
      ]
    ],
    "confusion_matrix_dict": {
      "TN": 1014260,
      "FP": 341,
      "FN": 721,
      "TP": 361
    },
    "top_k_metrics": {
      "precision_at_100": 0.94,
      "precision_at_500": 0.618,
      "precision_at_1000": 0.412
    }
  },
  "test": {
    "precision": 0.5016393442622951,
    "recall": 0.4257095158597663,
    "f1": 0.4605659241420831,
    "roc_auc": 0.9838001879304094,
    "aupr": 0.4536306246932664,
    "balanced_accuracy": 0.7124799623414245,
    "mcc": 0.46124199911245384,
    "kappa": 0.4596882475435603,
    "specificity": 0.9992504088230827,
    "threshold": 0.9653768844221106,
    "confusion_matrix": [
      [
        1013126,
        760
      ],
      [
        1032,
        765
      ]
    ],
    "confusion_matrix_dict": {
      "TN": 1013126,
      "FP": 760,
      "FN": 1032,
      "TP": 765
    },
    "top_k_metrics": {
      "precision_at_100": 0.96,
      "precision_at_500": 0.836,
      "precision_at_1000": 0.622
    }
  },
  "best_epoch": 79,
  "best_val_aupr": 0.3848617367599925,
  "total_training_time_sec": 2284.837425699996,
  "batch_size": 8192,
  "eval_batch_size": 16384
}