{
  "train": {
    "precision": 0.5378664495114006,
    "recall": 0.4253058596265293,
    "f1": 0.47500898957209636,
    "roc_auc": 0.9894033921200528,
    "aupr": 0.46959945208735904,
    "balanced_accuracy": 0.7124664939962996,
    "mcc": 0.4778159327443013,
    "kappa": 0.4745359555354912,
    "specificity": 0.9996271283660699,
    "threshold": 0.9555276381909548,
    "confusion_matrix": [
      [
        3042808,
        1135
      ],
      [
        1785,
        1321
      ]
    ],
    "confusion_matrix_dict": {
      "TN": 3042808,
      "FP": 1135,
      "FN": 1785,
      "TP": 1321
    },
    "top_k_metrics": {
      "precision_at_100": 0.97,
      "precision_at_500": 0.934,
      "precision_at_1000": 0.81
    }
  },
  "val": {
    "precision": 0.5741007194244604,
    "recall": 0.38513513513513514,
    "f1": 0.4610051993067591,
    "roc_auc": 0.9851183413454331,
    "aupr": 0.4329764299366444,
    "balanced_accuracy": 0.6924217040307907,
    "mcc": 0.4697843677302699,
    "kappa": 0.46056336468673253,
    "specificity": 0.9997082729264464,
    "threshold": 0.9653768844221106,
    "confusion_matrix": [
      [
        1014351,
        296
      ],
      [
        637,
        399
      ]
    ],
    "confusion_matrix_dict": {
      "TN": 1014351,
      "FP": 296,
      "FN": 637,
      "TP": 399
    },
    "top_k_metrics": {
      "precision_at_100": 0.92,
      "precision_at_500": 0.682,
      "precision_at_1000": 0.46
    }
  },
  "test": {
    "precision": 0.5084134615384616,
    "recall": 0.40869565217391307,
    "f1": 0.45313336904124263,
    "roc_auc": 0.9850901844849115,
    "aupr": 0.4335131356521612,
    "balanced_accuracy": 0.704146278358089,
    "mcc": 0.45534076648815147,
    "kappa": 0.45263624220438914,
    "specificity": 0.9995969045422649,
    "threshold": 0.9555276381909548,
    "confusion_matrix": [
      [
        1014239,
        409
      ],
      [
        612,
        423
      ]
    ],
    "confusion_matrix_dict": {
      "TN": 1014239,
      "FP": 409,
      "FN": 612,
      "TP": 423
    },
    "top_k_metrics": {
      "precision_at_100": 0.95,
      "precision_at_500": 0.672,
      "precision_at_1000": 0.453
    }
  },
  "best_epoch": 350,
  "best_val_aupr": 0.4329764299366444,
  "total_training_time_sec": 18092.8037549,
  "batch_size": 8192,
  "eval_batch_size": 16384
}