{
  "train": {
    "precision": 0.4495359628770302,
    "recall": 0.3372497824194952,
    "f1": 0.3853804077573347,
    "roc_auc": 0.9871942660260595,
    "aupr": 0.3741624651626049,
    "balanced_accuracy": 0.6684690492377768,
    "mcc": 0.3889695182627498,
    "kappa": 0.3849827741739378,
    "specificity": 0.9996883160560585,
    "threshold": 0.9752261306532664,
    "confusion_matrix": [
      [
        3043802,
        949
      ],
      [
        1523,
        775
      ]
    ],
    "confusion_matrix_dict": {
      "TN": 3043802,
      "FP": 949,
      "FN": 1523,
      "TP": 775
    },
    "top_k_metrics": {
      "precision_at_100": 0.98,
      "precision_at_500": 0.83,
      "precision_at_1000": 0.6
    }
  },
  "val": {
    "precision": 0.4958217270194986,
    "recall": 0.3290203327171904,
    "f1": 0.39555555555555555,
    "roc_auc": 0.9848274261555093,
    "aupr": 0.3715225762126485,
    "balanced_accuracy": 0.6643317711076542,
    "mcc": 0.4033899273946701,
    "kappa": 0.39504142116860363,
    "specificity": 0.999643209498118,
    "threshold": 0.9703015075376885,
    "confusion_matrix": [
      [
        1014239,
        362
      ],
      [
        726,
        356
      ]
    ],
    "confusion_matrix_dict": {
      "TN": 1014239,
      "FP": 362,
      "FN": 726,
      "TP": 356
    },
    "top_k_metrics": {
      "precision_at_100": 0.97,
      "precision_at_500": 0.588,
      "precision_at_1000": 0.4
    }
  },
  "test": {
    "precision": 0.6128226477935054,
    "recall": 0.4095715080690039,
    "f1": 0.49099399599733157,
    "roc_auc": 0.9863096805702591,
    "aupr": 0.4863821195899968,
    "balanced_accuracy": 0.704556438312616,
    "mcc": 0.5002856823702456,
    "kappa": 0.4902714421230019,
    "specificity": 0.9995413685562282,
    "threshold": 0.9703015075376885,
    "confusion_matrix": [
      [
        1013421,
        465
      ],
      [
        1061,
        736
      ]
    ],
    "confusion_matrix_dict": {
      "TN": 1013421,
      "FP": 465,
      "FN": 1061,
      "TP": 736
    },
    "top_k_metrics": {
      "precision_at_100": 0.97,
      "precision_at_500": 0.852,
      "precision_at_1000": 0.665
    }
  },
  "best_epoch": 68,
  "best_val_aupr": 0.3715225762126485,
  "total_training_time_sec": 1774.514320599963,
  "batch_size": 8192,
  "eval_batch_size": 16384
}