{
  "train": {
    "precision": 0.47015886646629457,
    "recall": 0.3525434642627173,
    "f1": 0.4029438822447102,
    "roc_auc": 0.9900198991924919,
    "aupr": 0.3677068023798271,
    "balanced_accuracy": 0.676069031715018,
    "mcc": 0.40660576322359415,
    "kappa": 0.40242181954269474,
    "specificity": 0.9995945991673185,
    "threshold": 0.9506030150753769,
    "confusion_matrix": [
      [
        3042667,
        1234
      ],
      [
        2011,
        1095
      ]
    ],
    "confusion_matrix_dict": {
      "TN": 3042667,
      "FP": 1234,
      "FN": 2011,
      "TP": 1095
    },
    "top_k_metrics": {
      "precision_at_100": 0.92,
      "precision_at_500": 0.774,
      "precision_at_1000": 0.663
    }
  },
  "val": {
    "precision": 0.4947994056463596,
    "recall": 0.32142857142857145,
    "f1": 0.38970157987126974,
    "roc_auc": 0.9829908457266822,
    "aupr": 0.3399366217427486,
    "balanced_accuracy": 0.6605467374480654,
    "mcc": 0.39831453254753024,
    "kappa": 0.3892108959396945,
    "specificity": 0.9996649034675592,
    "threshold": 0.9604522613065327,
    "confusion_matrix": [
      [
        1014293,
        340
      ],
      [
        703,
        333
      ]
    ],
    "confusion_matrix_dict": {
      "TN": 1014293,
      "FP": 340,
      "FN": 703,
      "TP": 333
    },
    "top_k_metrics": {
      "precision_at_100": 0.88,
      "precision_at_500": 0.566,
      "precision_at_1000": 0.387
    }
  },
  "test": {
    "precision": 0.45278137128072443,
    "recall": 0.33816425120772947,
    "f1": 0.38716814159292035,
    "roc_auc": 0.9798322979203496,
    "aupr": 0.32686435104056366,
    "balanced_accuracy": 0.6688736760545692,
    "mcc": 0.39076559215037565,
    "kappa": 0.3866336767489448,
    "specificity": 0.9995831009014088,
    "threshold": 0.9506030150753769,
    "confusion_matrix": [
      [
        1014211,
        423
      ],
      [
        685,
        350
      ]
    ],
    "confusion_matrix_dict": {
      "TN": 1014211,
      "FP": 423,
      "FN": 685,
      "TP": 350
    },
    "top_k_metrics": {
      "precision_at_100": 0.88,
      "precision_at_500": 0.56,
      "precision_at_1000": 0.383
    }
  },
  "best_val_aupr": 0.3399366217427486,
  "batch_size": 16384
}