{
  "train": {
    "precision": 0.6405109489051095,
    "recall": 0.6109660574412533,
    "f1": 0.6253897550111358,
    "roc_auc": 0.9903883584354031,
    "aupr": 0.6371681098401336,
    "balanced_accuracy": 0.8053536256922673,
    "mcc": 0.6252882306780441,
    "kappa": 0.6251137008109603,
    "specificity": 0.9997411939432814,
    "threshold": 0.9703015075376885,
    "confusion_matrix": [
      [
        3043963,
        788
      ],
      [
        894,
        1404
      ]
    ],
    "confusion_matrix_dict": {
      "TN": 3043963,
      "FP": 788,
      "FN": 894,
      "TP": 1404
    },
    "top_k_metrics": {
      "precision_at_100": 1.0,
      "precision_at_500": 0.936,
      "precision_at_1000": 0.832
    }
  },
  "val": {
    "precision": 0.5390749601275917,
    "recall": 0.3123844731977819,
    "f1": 0.39555295494441195,
    "roc_auc": 0.9816557401025338,
    "aupr": 0.3757365304222421,
    "balanced_accuracy": 0.6560498160808745,
    "mcc": 0.40989796146937324,
    "kappa": 0.3950801060059186,
    "specificity": 0.9997151589639671,
    "threshold": 0.9703015075376885,
    "confusion_matrix": [
      [
        1014312,
        289
      ],
      [
        744,
        338
      ]
    ],
    "confusion_matrix_dict": {
      "TN": 1014312,
      "FP": 289,
      "FN": 744,
      "TP": 338
    },
    "top_k_metrics": {
      "precision_at_100": 0.98,
      "precision_at_500": 0.61,
      "precision_at_1000": 0.405
    }
  },
  "test": {
    "precision": 0.49746835443037973,
    "recall": 0.4373956594323873,
    "f1": 0.4655019247853124,
    "roc_auc": 0.9834280685908003,
    "aupr": 0.4615056792177398,
    "balanced_accuracy": 0.7183062669566723,
    "mcc": 0.46558097276755106,
    "kappa": 0.4646155617026546,
    "specificity": 0.9992168744809574,
    "threshold": 0.9407537688442211,
    "confusion_matrix": [
      [
        1013092,
        794
      ],
      [
        1011,
        786
      ]
    ],
    "confusion_matrix_dict": {
      "TN": 1013092,
      "FP": 794,
      "FN": 1011,
      "TP": 786
    },
    "top_k_metrics": {
      "precision_at_100": 0.96,
      "precision_at_500": 0.806,
      "precision_at_1000": 0.635
    }
  },
  "best_epoch": 94,
  "best_val_aupr": 0.3757365304222421,
  "total_training_time_sec": 3243.5772550999973,
  "batch_size": 8192,
  "eval_batch_size": 16384
}