{
  "train": {
    "precision": 0.3839760638297872,
    "recall": 0.3718609143593046,
    "f1": 0.3778213935230618,
    "roc_auc": 0.9871837530218897,
    "aupr": 0.33852698891363514,
    "balanced_accuracy": 0.6856260780293448,
    "mcc": 0.37724527000582914,
    "kappa": 0.3771967082149147,
    "specificity": 0.9993912416993851,
    "threshold": 0.9407537688442211,
    "confusion_matrix": [
      [
        3042048,
        1853
      ],
      [
        1951,
        1155
      ]
    ],
    "confusion_matrix_dict": {
      "TN": 3042048,
      "FP": 1853,
      "FN": 1951,
      "TP": 1155
    },
    "top_k_metrics": {
      "precision_at_100": 0.86,
      "precision_at_500": 0.776,
      "precision_at_1000": 0.649
    }
  },
  "val": {
    "precision": 0.4953560371517028,
    "recall": 0.3088803088803089,
    "f1": 0.380499405469679,
    "roc_auc": 0.983254781812487,
    "aupr": 0.34079018628955754,
    "balanced_accuracy": 0.6542795052201902,
    "mcc": 0.3906775016166297,
    "kappa": 0.3800136404754403,
    "specificity": 0.9996787015600714,
    "threshold": 0.9653768844221106,
    "confusion_matrix": [
      [
        1014307,
        326
      ],
      [
        716,
        320
      ]
    ],
    "confusion_matrix_dict": {
      "TN": 1014307,
      "FP": 326,
      "FN": 716,
      "TP": 320
    },
    "top_k_metrics": {
      "precision_at_100": 0.9,
      "precision_at_500": 0.572,
      "precision_at_1000": 0.375
    }
  },
  "test": {
    "precision": 0.36736641221374045,
    "recall": 0.3719806763285024,
    "f1": 0.3696591454632741,
    "roc_auc": 0.9793343177296105,
    "aupr": 0.322236266416391,
    "balanced_accuracy": 0.6856636193671283,
    "mcc": 0.3690193366973039,
    "kappa": 0.36901213520282217,
    "specificity": 0.9993465624057541,
    "threshold": 0.9407537688442211,
    "confusion_matrix": [
      [
        1013971,
        663
      ],
      [
        650,
        385
      ]
    ],
    "confusion_matrix_dict": {
      "TN": 1013971,
      "FP": 663,
      "FN": 650,
      "TP": 385
    },
    "top_k_metrics": {
      "precision_at_100": 0.89,
      "precision_at_500": 0.54,
      "precision_at_1000": 0.375
    }
  },
  "best_epoch": 122,
  "best_val_aupr": 0.3407901868309544,
  "total_training_time_sec": 8109.318923500017,
  "batch_size": 8192,
  "eval_batch_size": 16384
}