{
  "train": {
    "precision": 0.35452103849597133,
    "recall": 0.34464751958224543,
    "f1": 0.34951456310679613,
    "roc_auc": 0.986916656117687,
    "aupr": 0.3246825010885138,
    "balanced_accuracy": 0.6720869588179068,
    "mcc": 0.34906541275806097,
    "kappa": 0.34903055297259,
    "specificity": 0.9995263980535682,
    "threshold": 0.9555276381909548,
    "confusion_matrix": [
      [
        3043309,
        1442
      ],
      [
        1506,
        792
      ]
    ],
    "confusion_matrix_dict": {
      "TN": 3043309,
      "FP": 1442,
      "FN": 1506,
      "TP": 792
    },
    "top_k_metrics": {
      "precision_at_100": 0.97,
      "precision_at_500": 0.728,
      "precision_at_1000": 0.554
    }
  },
  "val": {
    "precision": 0.4161640530759952,
    "recall": 0.3188539741219963,
    "f1": 0.36106750392464676,
    "roc_auc": 0.9840534765930705,
    "aupr": 0.3337917809530383,
    "balanced_accuracy": 0.6591884696536626,
    "mcc": 0.36368369230488623,
    "kappa": 0.360476419550139,
    "specificity": 0.999522965185329,
    "threshold": 0.9506030150753769,
    "confusion_matrix": [
      [
        1014117,
        484
      ],
      [
        737,
        345
      ]
    ],
    "confusion_matrix_dict": {
      "TN": 1014117,
      "FP": 484,
      "FN": 737,
      "TP": 345
    },
    "top_k_metrics": {
      "precision_at_100": 0.93,
      "precision_at_500": 0.562,
      "precision_at_1000": 0.371
    }
  },
  "test": {
    "precision": 0.5378955114054452,
    "recall": 0.4067890929326656,
    "f1": 0.4632446134347275,
    "roc_auc": 0.9851282289454182,
    "aupr": 0.4549984669363082,
    "balanced_accuracy": 0.7030848469537643,
    "mcc": 0.46695823443509726,
    "kappa": 0.462425505738591,
    "specificity": 0.999380600974863,
    "threshold": 0.9555276381909548,
    "confusion_matrix": [
      [
        1013258,
        628
      ],
      [
        1066,
        731
      ]
    ],
    "confusion_matrix_dict": {
      "TN": 1013258,
      "FP": 628,
      "FN": 1066,
      "TP": 731
    },
    "top_k_metrics": {
      "precision_at_100": 0.97,
      "precision_at_500": 0.812,
      "precision_at_1000": 0.626
    }
  },
  "best_epoch": 58,
  "best_val_aupr": 0.3337917809530383,
  "total_training_time_sec": 1590.6375423999998,
  "batch_size": 8192,
  "eval_batch_size": 16384
}