{
  "train": {
    "precision": 0.5552572706935123,
    "recall": 0.3995492594977463,
    "f1": 0.46470698371091557,
    "roc_auc": 0.9889611643166223,
    "aupr": 0.45421480128607,
    "balanced_accuracy": 0.699611354680976,
    "mcc": 0.4705600719855875,
    "kappa": 0.4642499279404013,
    "specificity": 0.9996734498642057,
    "threshold": 0.9752261306532664,
    "confusion_matrix": [
      [
        3042949,
        994
      ],
      [
        1865,
        1241
      ]
    ],
    "confusion_matrix_dict": {
      "TN": 3042949,
      "FP": 994,
      "FN": 1865,
      "TP": 1241
    },
    "top_k_metrics": {
      "precision_at_100": 0.97,
      "precision_at_500": 0.918,
      "precision_at_1000": 0.781
    }
  },
  "val": {
    "precision": 0.4744136460554371,
    "recall": 0.4295366795366795,
    "f1": 0.4508611955420466,
    "roc_auc": 0.9856109708778913,
    "aupr": 0.41288028960931844,
    "balanced_accuracy": 0.7145253981344513,
    "mcc": 0.4508854268291372,
    "kappa": 0.4503283631907593,
    "specificity": 0.9995141167322231,
    "threshold": 0.9653768844221106,
    "confusion_matrix": [
      [
        1014154,
        493
      ],
      [
        591,
        445
      ]
    ],
    "confusion_matrix_dict": {
      "TN": 1014154,
      "FP": 493,
      "FN": 591,
      "TP": 445
    },
    "top_k_metrics": {
      "precision_at_100": 0.87,
      "precision_at_500": 0.652,
      "precision_at_1000": 0.452
    }
  },
  "test": {
    "precision": 0.5174193548387097,
    "recall": 0.38743961352657,
    "f1": 0.4430939226519337,
    "roc_auc": 0.9850701380287824,
    "aupr": 0.41615082691280625,
    "balanced_accuracy": 0.6935355063950785,
    "mcc": 0.4472541060979702,
    "kappa": 0.44260751948361343,
    "specificity": 0.999631399263587,
    "threshold": 0.9752261306532664,
    "confusion_matrix": [
      [
        1014274,
        374
      ],
      [
        634,
        401
      ]
    ],
    "confusion_matrix_dict": {
      "TN": 1014274,
      "FP": 374,
      "FN": 634,
      "TP": 401
    },
    "top_k_metrics": {
      "precision_at_100": 0.93,
      "precision_at_500": 0.656,
      "precision_at_1000": 0.438
    }
  },
  "best_epoch": 342,
  "best_val_aupr": 0.41288028960931844,
  "total_training_time_sec": 28464.295076799986,
  "batch_size": 8192,
  "eval_batch_size": 16384
}