{
  "train": {
    "precision": 0.5207125103562552,
    "recall": 0.4047005795235029,
    "f1": 0.45543478260869563,
    "roc_auc": 0.9875548372404873,
    "aupr": 0.4490983013718517,
    "balanced_accuracy": 0.7021602402108893,
    "mcc": 0.4585729924764976,
    "kappa": 0.45494883721772517,
    "specificity": 0.9996199008982757,
    "threshold": 0.9604522613065327,
    "confusion_matrix": [
      [
        3042786,
        1157
      ],
      [
        1849,
        1257
      ]
    ],
    "confusion_matrix_dict": {
      "TN": 3042786,
      "FP": 1157,
      "FN": 1849,
      "TP": 1257
    },
    "top_k_metrics": {
      "precision_at_100": 0.97,
      "precision_at_500": 0.934,
      "precision_at_1000": 0.785
    }
  },
  "val": {
    "precision": 0.5201511335012594,
    "recall": 0.39864864864864863,
    "f1": 0.45136612021857925,
    "roc_auc": 0.9856503910771061,
    "aupr": 0.4196367314997477,
    "balanced_accuracy": 0.699136574298946,
    "mcc": 0.4548821227941717,
    "kappa": 0.45088008451266304,
    "specificity": 0.9996244999492434,
    "threshold": 0.9604522613065327,
    "confusion_matrix": [
      [
        1014266,
        381
      ],
      [
        623,
        413
      ]
    ],
    "confusion_matrix_dict": {
      "TN": 1014266,
      "FP": 381,
      "FN": 623,
      "TP": 413
    },
    "top_k_metrics": {
      "precision_at_100": 0.89,
      "precision_at_500": 0.654,
      "precision_at_1000": 0.447
    }
  },
  "test": {
    "precision": 0.5042839657282742,
    "recall": 0.39806763285024155,
    "f1": 0.4449244060475162,
    "roc_auc": 0.984130356604096,
    "aupr": 0.41667851327243993,
    "balanced_accuracy": 0.6988342398231859,
    "mcc": 0.44754186347480535,
    "kappa": 0.44442490545816493,
    "specificity": 0.9996008467961303,
    "threshold": 0.9604522613065327,
    "confusion_matrix": [
      [
        1014243,
        405
      ],
      [
        623,
        412
      ]
    ],
    "confusion_matrix_dict": {
      "TN": 1014243,
      "FP": 405,
      "FN": 623,
      "TP": 412
    },
    "top_k_metrics": {
      "precision_at_100": 0.95,
      "precision_at_500": 0.65,
      "precision_at_1000": 0.439
    }
  },
  "best_epoch": 339,
  "best_val_aupr": 0.41963673149974756,
  "total_training_time_sec": 17202.023710399983,
  "batch_size": 8192,
  "eval_batch_size": 16384
}