{
  "train": {
    "precision": 0.6483950617283951,
    "recall": 0.422730199613651,
    "f1": 0.5117910738647438,
    "roc_auc": 0.9925402788841627,
    "aupr": 0.516338417541479,
    "balanced_accuracy": 0.7112481462370641,
    "mcc": 0.5231593747152955,
    "kappa": 0.511397949186593,
    "specificity": 0.9997660928604774,
    "threshold": 0.9850753768844221,
    "confusion_matrix": [
      [
        3043231,
        712
      ],
      [
        1793,
        1313
      ]
    ],
    "confusion_matrix_dict": {
      "TN": 3043231,
      "FP": 712,
      "FN": 1793,
      "TP": 1313
    },
    "top_k_metrics": {
      "precision_at_100": 0.99,
      "precision_at_500": 0.944,
      "precision_at_1000": 0.869
    }
  },
  "val": {
    "precision": 0.6208393632416788,
    "recall": 0.4140926640926641,
    "f1": 0.4968152866242038,
    "roc_auc": 0.9857249576838014,
    "aupr": 0.47743179071120584,
    "balanced_accuracy": 0.7069172231049958,
    "mcc": 0.506633227188518,
    "kappa": 0.49640423217904106,
    "specificity": 0.9997417821173274,
    "threshold": 0.9850753768844221,
    "confusion_matrix": [
      [
        1014385,
        262
      ],
      [
        607,
        429
      ]
    ],
    "confusion_matrix_dict": {
      "TN": 1014385,
      "FP": 262,
      "FN": 607,
      "TP": 429
    },
    "top_k_metrics": {
      "precision_at_100": 0.95,
      "precision_at_500": 0.732,
      "precision_at_1000": 0.496
    }
  },
  "test": {
    "precision": 0.6063675832127352,
    "recall": 0.4048309178743961,
    "f1": 0.4855156431054461,
    "roc_auc": 0.9849314797236551,
    "aupr": 0.46247259956500797,
    "balanced_accuracy": 0.7022814223057752,
    "mcc": 0.49504369970156664,
    "kappa": 0.4850955204633527,
    "specificity": 0.9997319267371542,
    "threshold": 0.9850753768844221,
    "confusion_matrix": [
      [
        1014376,
        272
      ],
      [
        616,
        419
      ]
    ],
    "confusion_matrix_dict": {
      "TN": 1014376,
      "FP": 272,
      "FN": 616,
      "TP": 419
    },
    "top_k_metrics": {
      "precision_at_100": 0.96,
      "precision_at_500": 0.714,
      "precision_at_1000": 0.483
    }
  },
  "best_epoch": 137,
  "best_val_aupr": 0.47743179071120584,
  "total_training_time_sec": 8093.639654500061,
  "batch_size": 8192,
  "eval_batch_size": 16384
}