{
  "train": {
    "precision": 0.5074056378404205,
    "recall": 0.3419188667095943,
    "f1": 0.4085401038661281,
    "roc_auc": 0.9902567619550268,
    "aupr": 0.38050591423695124,
    "balanced_accuracy": 0.6707900783067847,
    "mcc": 0.41604134431112655,
    "kappa": 0.4080542683058773,
    "specificity": 0.9996612899039752,
    "threshold": 0.9506030150753769,
    "confusion_matrix": [
      [
        3042870,
        1031
      ],
      [
        2044,
        1062
      ]
    ],
    "confusion_matrix_dict": {
      "TN": 3042870,
      "FP": 1031,
      "FN": 2044,
      "TP": 1062
    },
    "top_k_metrics": {
      "precision_at_100": 0.92,
      "precision_at_500": 0.806,
      "precision_at_1000": 0.684
    }
  },
  "val": {
    "precision": 0.44716494845360827,
    "recall": 0.33494208494208494,
    "f1": 0.3830022075055188,
    "roc_auc": 0.983708528241379,
    "aupr": 0.34481477029007385,
    "balanced_accuracy": 0.6672596359821938,
    "mcc": 0.3864688751371422,
    "kappa": 0.38246269156316437,
    "specificity": 0.9995771870223027,
    "threshold": 0.9407537688442211,
    "confusion_matrix": [
      [
        1014204,
        429
      ],
      [
        689,
        347
      ]
    ],
    "confusion_matrix_dict": {
      "TN": 1014204,
      "FP": 429,
      "FN": 689,
      "TP": 347
    },
    "top_k_metrics": {
      "precision_at_100": 0.89,
      "precision_at_500": 0.578,
      "precision_at_1000": 0.38
    }
  },
  "test": {
    "precision": 0.4300822561692127,
    "recall": 0.3536231884057971,
    "f1": 0.38812301166489926,
    "roc_auc": 0.9804534823861046,
    "aupr": 0.3283436600196961,
    "balanced_accuracy": 0.6765725917645808,
    "mcc": 0.3894209455792031,
    "kappa": 0.3875598025071676,
    "specificity": 0.9995219951233647,
    "threshold": 0.9358291457286433,
    "confusion_matrix": [
      [
        1014149,
        485
      ],
      [
        669,
        366
      ]
    ],
    "confusion_matrix_dict": {
      "TN": 1014149,
      "FP": 485,
      "FN": 669,
      "TP": 366
    },
    "top_k_metrics": {
      "precision_at_100": 0.9,
      "precision_at_500": 0.552,
      "precision_at_1000": 0.387
    }
  },
  "best_epoch": 218,
  "best_val_aupr": 0.34481477029007385,
  "total_training_time_sec": 13163.851106400001,
  "batch_size": 8192,
  "eval_batch_size": 16384
}