{
  "train": {
    "precision": 0.3154399557277255,
    "recall": 0.24804177545691905,
    "f1": 0.2777101096224117,
    "roc_auc": 0.9836224401210565,
    "aupr": 0.22608437091865174,
    "balanced_accuracy": 0.623817751248662,
    "mcc": 0.2792375565966701,
    "kappa": 0.2772302153556454,
    "specificity": 0.999593727040405,
    "threshold": 0.9604522613065327,
    "confusion_matrix": [
      [
        3043514,
        1237
      ],
      [
        1728,
        570
      ]
    ],
    "confusion_matrix_dict": {
      "TN": 3043514,
      "FP": 1237,
      "FN": 1728,
      "TP": 570
    },
    "top_k_metrics": {
      "precision_at_100": 0.89,
      "precision_at_500": 0.57,
      "precision_at_1000": 0.426
    }
  },
  "val": {
    "precision": 0.34536082474226804,
    "recall": 0.3096118299445471,
    "f1": 0.32651072124756336,
    "roc_auc": 0.9823348944719883,
    "aupr": 0.2763324751452032,
    "balanced_accuracy": 0.6544929840762859,
    "mcc": 0.32631914283606966,
    "kappa": 0.32583173378251395,
    "specificity": 0.9993741382080247,
    "threshold": 0.9407537688442211,
    "confusion_matrix": [
      [
        1013966,
        635
      ],
      [
        747,
        335
      ]
    ],
    "confusion_matrix_dict": {
      "TN": 1013966,
      "FP": 635,
      "FN": 747,
      "TP": 335
    },
    "top_k_metrics": {
      "precision_at_100": 0.87,
      "precision_at_500": 0.486,
      "precision_at_1000": 0.336
    }
  },
  "test": {
    "precision": 0.43202764976958524,
    "recall": 0.41736227045075125,
    "f1": 0.42456835550523636,
    "roc_auc": 0.9845833216823751,
    "aupr": 0.40571294474551267,
    "balanced_accuracy": 0.7081948872645596,
    "mcc": 0.4236294752297501,
    "kappa": 0.4235661068523249,
    "specificity": 0.9990275040783678,
    "threshold": 0.9358291457286433,
    "confusion_matrix": [
      [
        1012900,
        986
      ],
      [
        1047,
        750
      ]
    ],
    "confusion_matrix_dict": {
      "TN": 1012900,
      "FP": 986,
      "FN": 1047,
      "TP": 750
    },
    "top_k_metrics": {
      "precision_at_100": 0.95,
      "precision_at_500": 0.746,
      "precision_at_1000": 0.57
    }
  },
  "best_epoch": 33,
  "best_val_aupr": 0.2763324751452032,
  "total_training_time_sec": 1051.2124127000134,
  "batch_size": 8192,
  "eval_batch_size": 16384
}