{
  "train": {
    "precision": 0.7341947392708814,
    "recall": 0.6923411662315057,
    "f1": 0.7126539753639418,
    "roc_auc": 0.9907163582470734,
    "aupr": 0.6933825728185643,
    "balanced_accuracy": 0.8460759927952985,
    "mcc": 0.7127507499811842,
    "kappa": 0.7124434680191252,
    "specificity": 0.9998108193590914,
    "threshold": 0.7979396984924624,
    "confusion_matrix": [
      [
        3044133,
        576
      ],
      [
        707,
        1591
      ]
    ],
    "confusion_matrix_dict": {
      "TN": 3044133,
      "FP": 576,
      "FN": 707,
      "TP": 1591
    },
    "top_k_metrics": {
      "precision_at_100": 0.96,
      "precision_at_500": 0.93,
      "precision_at_1000": 0.884
    }
  },
  "val": {
    "precision": 0.36866902237926974,
    "recall": 0.28927911275415896,
    "f1": 0.32418436043500776,
    "roc_auc": 0.9612019558500523,
    "aupr": 0.24426271050075637,
    "balanced_accuracy": 0.6443754094877541,
    "mcc": 0.3259366126686253,
    "kappa": 0.32355068665708353,
    "specificity": 0.9994717062213492,
    "threshold": 0.635427135678392,
    "confusion_matrix": [
      [
        1014051,
        536
      ],
      [
        769,
        313
      ]
    ],
    "confusion_matrix_dict": {
      "TN": 1014051,
      "FP": 536,
      "FN": 769,
      "TP": 313
    },
    "top_k_metrics": {
      "precision_at_100": 0.81,
      "precision_at_500": 0.478,
      "precision_at_1000": 0.331
    }
  },
  "test": {
    "precision": 0.3385159010600707,
    "recall": 0.26655537006121316,
    "f1": 0.2982565379825654,
    "roc_auc": 0.9705126786174881,
    "aupr": 0.22560690670215647,
    "balanced_accuracy": 0.6328160883004473,
    "mcc": 0.2992917182982249,
    "kappa": 0.29716091108426057,
    "specificity": 0.9990768065396816,
    "threshold": 0.7388442211055277,
    "confusion_matrix": [
      [
        1012936,
        936
      ],
      [
        1318,
        479
      ]
    ],
    "confusion_matrix_dict": {
      "TN": 1012936,
      "FP": 936,
      "FN": 1318,
      "TP": 479
    },
    "top_k_metrics": {
      "precision_at_100": 0.76,
      "precision_at_500": 0.524,
      "precision_at_1000": 0.395
    }
  },
  "best_epoch": 55,
  "best_val_aupr": 0.24426271050075637,
  "total_training_time_sec": 1617.1104945000043,
  "batch_size": 8192,
  "eval_batch_size": 16384
}