{
  "train": {
    "precision": 0.516642547033285,
    "recall": 0.4660574412532637,
    "f1": 0.4900480439258751,
    "roc_auc": 0.9879846880938086,
    "aupr": 0.48606107433265644,
    "balanced_accuracy": 0.7328641751514846,
    "mcc": 0.490333979823805,
    "kappa": 0.4896829882346654,
    "specificity": 0.9996709090497056,
    "threshold": 0.9604522613065327,
    "confusion_matrix": [
      [
        3043749,
        1002
      ],
      [
        1227,
        1071
      ]
    ],
    "confusion_matrix_dict": {
      "TN": 3043749,
      "FP": 1002,
      "FN": 1227,
      "TP": 1071
    },
    "top_k_metrics": {
      "precision_at_100": 0.96,
      "precision_at_500": 0.896,
      "precision_at_1000": 0.716
    }
  },
  "val": {
    "precision": 0.2813884785819793,
    "recall": 0.3521256931608133,
    "f1": 0.312807881773399,
    "roc_auc": 0.981319640560341,
    "aupr": 0.2857960345407615,
    "balanced_accuracy": 0.6755833477429326,
    "mcc": 0.3139610992270009,
    "kappa": 0.3119931151358186,
    "specificity": 0.9990410023250519,
    "threshold": 0.9555276381909548,
    "confusion_matrix": [
      [
        1013628,
        973
      ],
      [
        701,
        381
      ]
    ],
    "confusion_matrix_dict": {
      "TN": 1013628,
      "FP": 973,
      "FN": 701,
      "TP": 381
    },
    "top_k_metrics": {
      "precision_at_100": 0.86,
      "precision_at_500": 0.482,
      "precision_at_1000": 0.323
    }
  },
  "test": {
    "precision": 0.3848346636259977,
    "recall": 0.3756260434056761,
    "f1": 0.38017459870459025,
    "roc_auc": 0.9845849073433525,
    "aupr": 0.350841767169954,
    "balanced_accuracy": 0.6872809105976447,
    "mcc": 0.3791172476491134,
    "kappa": 0.3790893534071529,
    "specificity": 0.9989357777896134,
    "threshold": 0.9703015075376885,
    "confusion_matrix": [
      [
        1012807,
        1079
      ],
      [
        1122,
        675
      ]
    ],
    "confusion_matrix_dict": {
      "TN": 1012807,
      "FP": 1079,
      "FN": 1122,
      "TP": 675
    },
    "top_k_metrics": {
      "precision_at_100": 0.92,
      "precision_at_500": 0.672,
      "precision_at_1000": 0.5
    }
  },
  "best_epoch": 57,
  "best_val_aupr": 0.2857960345407615,
  "total_training_time_sec": 1587.965242499995,
  "batch_size": 8192,
  "eval_batch_size": 16384
}