{
  "train": {
    "precision": 0.5619573796369376,
    "recall": 0.6196692776327241,
    "f1": 0.5894039735099338,
    "roc_auc": 0.9899062658676769,
    "aupr": 0.603751721284171,
    "balanced_accuracy": 0.8096523579007797,
    "mcc": 0.5897839174055494,
    "kappa": 0.589078932113747,
    "specificity": 0.9996354381688355,
    "threshold": 0.9456783919597991,
    "confusion_matrix": [
      [
        3043641,
        1110
      ],
      [
        874,
        1424
      ]
    ],
    "confusion_matrix_dict": {
      "TN": 3043641,
      "FP": 1110,
      "FN": 874,
      "TP": 1424
    },
    "top_k_metrics": {
      "precision_at_100": 0.99,
      "precision_at_500": 0.924,
      "precision_at_1000": 0.815
    }
  },
  "val": {
    "precision": 0.4913907284768212,
    "recall": 0.34288354898336415,
    "f1": 0.40391943385955364,
    "roc_auc": 0.9794661465866641,
    "aupr": 0.3720992270362262,
    "balanced_accuracy": 0.6712525375404077,
    "mcc": 0.4099559477021615,
    "kappa": 0.4033970108542083,
    "specificity": 0.9996215260974511,
    "threshold": 0.9358291457286433,
    "confusion_matrix": [
      [
        1014217,
        384
      ],
      [
        711,
        371
      ]
    ],
    "confusion_matrix_dict": {
      "TN": 1014217,
      "FP": 384,
      "FN": 711,
      "TP": 371
    },
    "top_k_metrics": {
      "precision_at_100": 0.97,
      "precision_at_500": 0.612,
      "precision_at_1000": 0.405
    }
  },
  "test": {
    "precision": 0.4706601466992665,
    "recall": 0.4284919309961046,
    "f1": 0.4485872414797553,
    "roc_auc": 0.9835105314689812,
    "aupr": 0.4302468359347532,
    "balanced_accuracy": 0.7138188957880455,
    "mcc": 0.4481506057840984,
    "kappa": 0.4476558352134218,
    "specificity": 0.9991458605799863,
    "threshold": 0.9309045226130653,
    "confusion_matrix": [
      [
        1013020,
        866
      ],
      [
        1027,
        770
      ]
    ],
    "confusion_matrix_dict": {
      "TN": 1013020,
      "FP": 866,
      "FN": 1027,
      "TP": 770
    },
    "top_k_metrics": {
      "precision_at_100": 0.96,
      "precision_at_500": 0.776,
      "precision_at_1000": 0.604
    }
  },
  "best_epoch": 90,
  "best_val_aupr": 0.3720992270362262,
  "total_training_time_sec": 2290.3400948000053,
  "batch_size": 8192,
  "eval_batch_size": 16384
}