{
  "train": {
    "precision": 0.5564909171466549,
    "recall": 0.4043786220218931,
    "f1": 0.4683945552862204,
    "roc_auc": 0.9892370596678547,
    "aupr": 0.45988445852940596,
    "balanced_accuracy": 0.7020248861186276,
    "mcc": 0.47392460345111204,
    "kappa": 0.4679380582460415,
    "specificity": 0.9996711502153621,
    "threshold": 0.9604522613065327,
    "confusion_matrix": [
      [
        3042942,
        1001
      ],
      [
        1850,
        1256
      ]
    ],
    "confusion_matrix_dict": {
      "TN": 3042942,
      "FP": 1001,
      "FN": 1850,
      "TP": 1256
    },
    "top_k_metrics": {
      "precision_at_100": 0.97,
      "precision_at_500": 0.924,
      "precision_at_1000": 0.799
    }
  },
  "val": {
    "precision": 0.5470737913486005,
    "recall": 0.41505791505791506,
    "f1": 0.47200878155872666,
    "roc_auc": 0.9850051327168492,
    "aupr": 0.4216457046634021,
    "balanced_accuracy": 0.7073535270590503,
    "mcc": 0.4760543422444061,
    "kappa": 0.47154371532551886,
    "specificity": 0.9996491390601855,
    "threshold": 0.9604522613065327,
    "confusion_matrix": [
      [
        1014291,
        356
      ],
      [
        606,
        430
      ]
    ],
    "confusion_matrix_dict": {
      "TN": 1014291,
      "FP": 356,
      "FN": 606,
      "TP": 430
    },
    "top_k_metrics": {
      "precision_at_100": 0.92,
      "precision_at_500": 0.656,
      "precision_at_1000": 0.462
    }
  },
  "test": {
    "precision": 0.5538020086083214,
    "recall": 0.37294685990338167,
    "f1": 0.4457274826789838,
    "roc_auc": 0.9841582209114894,
    "aupr": 0.4192757304049669,
    "balanced_accuracy": 0.6863201748326742,
    "mcc": 0.4540161905735072,
    "kappa": 0.4452725189932196,
    "specificity": 0.9996934897619667,
    "threshold": 0.9653768844221106,
    "confusion_matrix": [
      [
        1014337,
        311
      ],
      [
        649,
        386
      ]
    ],
    "confusion_matrix_dict": {
      "TN": 1014337,
      "FP": 311,
      "FN": 649,
      "TP": 386
    },
    "top_k_metrics": {
      "precision_at_100": 0.94,
      "precision_at_500": 0.644,
      "precision_at_1000": 0.446
    }
  },
  "best_epoch": 350,
  "best_val_aupr": 0.4216457046634022,
  "total_training_time_sec": 18287.386874499993,
  "batch_size": 8192,
  "eval_batch_size": 16384
}