{
  "edge_attr_means": [
    7.419095039367676,
    7.415600299835205,
    0.1361333280801773,
    0.9857887029647827,
    10.492464065551758,
    2.9936439990997314,
    0.1227894127368927,
    0.2433866709470749,
    6.549554824829102,
    7.460316181182861,
    0.11830566823482513,
    0.02876744233071804,
    0.09666357934474945,
    0.3671138882637024,
    0.26058173179626465,
    0.09472692012786865,
    0.03384074941277504,
    0.027274830266833305,
    0.02917308732867241,
    0.014088054187595844,
    0.02783524990081787,
    0.23078720271587372,
    0.02186342142522335,
    0.030986670404672623,
    0.03782039135694504,
    0.017716597765684128,
    0.03839597478508949,
    0.046842820942401886,
    0.035691745579242706,
    0.37006959319114685,
    0.03078148514032364,
    0.040672894567251205
  ],
  "edge_attr_stds": [
    3.386991024017334,
    3.3694677352905273,
    0.34293004870414734,
    0.11836112290620804,
    7.36264181137085,
    1.5178924798965454,
    0.3281940519809723,
    0.17667047679424286,
    3.9743502140045166,
    3.598721742630005,
    0.3229696452617645,
    0.16715218126773834,
    0.29549911618232727,
    0.4820179045200348,
    0.4389519691467285,
    0.2928360402584076,
    0.18081922829151154,
    0.16288311779499054,
    0.16829146444797516,
    0.11785406619310379,
    0.1645006537437439,
    0.42133650183677673,
    0.14623752236366272,
    0.17328155040740967,
    0.19076159596443176,
    0.13191938400268555,
    0.19215025007724762,
    0.21130208671092987,
    0.1855204850435257,
    0.48282310366630554,
    0.1727251559495926,
    0.1975313425064087
  ],
  "edge_attr_mins": [
    9.999995427278918e-07,
    9.999995427278918e-07,
    0.0,
    0.0,
    0.0,
    0.0,
    0.0,
    0.0,
    0.0,
    0.0,
    0.0,
    0.0,
    0.0,
    0.0,
    0.0,
    0.0,
    0.0,
    0.0,
    0.0,
    0.0,
    0.0,
    0.0,
    0.0,
    0.0,
    0.0,
    0.0,
    0.0,
    0.0,
    0.0,
    0.0,
    0.0,
    0.0
  ],
  "edge_attr_maxs": [
    27.67628288269043,
    27.67628288269043,
    1.0,
    1.0,
    23.0,
    6.0,
    1.0,
    1.0,
    13.9932222366333,
    14.226481437683105,
    1.0,
    1.0,
    1.0,
    1.0,
    1.0,
    1.0,
    1.0,
    1.0,
    1.0,
    1.0,
    1.0,
    1.0,
    1.0,
    1.0,
    1.0,
    1.0,
    1.0,
    1.0,
    1.0,
    1.0,
    1.0,
    1.0
  ],
  "edge_attr_cols": [
    "log_amt_rec",
    "log_amt_paid",
    "same_bank",
    "same_currency",
    "hour_of_day",
    "day_of_week",
    "is_weekend",
    "ts_normalized",
    "log_time_since_src",
    "log_time_since_dst",
    "pf_ACH",
    "pf_Bitcoin",
    "pf_Cash",
    "pf_Cheque",
    "pf_Credit Card",
    "pf_Reinvestment",
    "pf_Wire",
    "rc_Australian Dollar",
    "rc_Bitcoin",
    "rc_Brazil Real",
    "rc_Canadian Dollar",
    "rc_Euro",
    "rc_Mexican Peso",
    "rc_Ruble",
    "rc_Rupee",
    "rc_Saudi Riyal",
    "rc_Shekel",
    "rc_Swiss Franc",
    "rc_UK Pound",
    "rc_US Dollar",
    "rc_Yen",
    "rc_Yuan"
  ]
}