{
  "train": {
    "precision": 0.6079931972789115,
    "recall": 0.4603992273019961,
    "f1": 0.5240014657383657,
    "roc_auc": 0.9920052176457822,
    "aupr": 0.5200811222954556,
    "balanced_accuracy": 0.7300481653485824,
    "mcc": 0.528660734402829,
    "kappa": 0.5235829198132984,
    "specificity": 0.9996971033951687,
    "threshold": 0.9801507537688443,
    "confusion_matrix": [
      [
        3043021,
        922
      ],
      [
        1676,
        1430
      ]
    ],
    "confusion_matrix_dict": {
      "TN": 3043021,
      "FP": 922,
      "FN": 1676,
      "TP": 1430
    },
    "top_k_metrics": {
      "precision_at_100": 0.99,
      "precision_at_500": 0.946,
      "precision_at_1000": 0.867
    }
  },
  "val": {
    "precision": 0.6273932253313697,
    "recall": 0.4111969111969112,
    "f1": 0.4967930029154519,
    "roc_auc": 0.9859444436451267,
    "aupr": 0.4779479180456362,
    "balanced_accuracy": 0.705473781697089,
    "mcc": 0.5075221618813782,
    "kappa": 0.4963862461362787,
    "specificity": 0.9997506521972667,
    "threshold": 0.9850753768844221,
    "confusion_matrix": [
      [
        1014394,
        253
      ],
      [
        610,
        426
      ]
    ],
    "confusion_matrix_dict": {
      "TN": 1014394,
      "FP": 253,
      "FN": 610,
      "TP": 426
    },
    "top_k_metrics": {
      "precision_at_100": 0.95,
      "precision_at_500": 0.736,
      "precision_at_1000": 0.499
    }
  },
  "test": {
    "precision": 0.6309341500765697,
    "recall": 0.39806763285024155,
    "f1": 0.4881516587677725,
    "roc_auc": 0.9852065719124049,
    "aupr": 0.4664126670187367,
    "balanced_accuracy": 0.6989150560274262,
    "mcc": 0.5007598480930355,
    "kappa": 0.4877477932830945,
    "specificity": 0.9997624792046108,
    "threshold": 0.9850753768844221,
    "confusion_matrix": [
      [
        1014407,
        241
      ],
      [
        623,
        412
      ]
    ],
    "confusion_matrix_dict": {
      "TN": 1014407,
      "FP": 241,
      "FN": 623,
      "TP": 412
    },
    "top_k_metrics": {
      "precision_at_100": 0.96,
      "precision_at_500": 0.726,
      "precision_at_1000": 0.483
    }
  },
  "best_epoch": 148,
  "best_val_aupr": 0.47794791804563613,
  "total_training_time_sec": 9311.613441299996,
  "batch_size": 8192,
  "eval_batch_size": 16384
}