{
  "train": {
    "precision": 0.7361429225836006,
    "recall": 0.6993037423846823,
    "f1": 0.7172506137022986,
    "roc_auc": 0.9919849160264899,
    "aupr": 0.7119398345215795,
    "balanced_accuracy": 0.8495572821766877,
    "mcc": 0.7172792914887349,
    "kappa": 0.7170426917765178,
    "specificity": 0.999810821968693,
    "threshold": 0.8028643216080402,
    "confusion_matrix": [
      [
        3044175,
        576
      ],
      [
        691,
        1607
      ]
    ],
    "confusion_matrix_dict": {
      "TN": 3044175,
      "FP": 576,
      "FN": 691,
      "TP": 1607
    },
    "top_k_metrics": {
      "precision_at_100": 0.98,
      "precision_at_500": 0.938,
      "precision_at_1000": 0.893
    }
  },
  "val": {
    "precision": 0.3838973162193699,
    "recall": 0.30406654343807765,
    "f1": 0.33935018050541516,
    "roc_auc": 0.9739804766792302,
    "aupr": 0.3051411950463684,
    "balanced_accuracy": 0.6517730709110364,
    "mcc": 0.3410356553555852,
    "kappa": 0.3387274752022166,
    "specificity": 0.9994795983839952,
    "threshold": 0.8028643216080402,
    "confusion_matrix": [
      [
        1014073,
        528
      ],
      [
        753,
        329
      ]
    ],
    "confusion_matrix_dict": {
      "TN": 1014073,
      "FP": 528,
      "FN": 753,
      "TP": 329
    },
    "top_k_metrics": {
      "precision_at_100": 0.9,
      "precision_at_500": 0.514,
      "precision_at_1000": 0.35
    }
  },
  "test": {
    "precision": 0.43045484508899146,
    "recall": 0.3633834168057874,
    "f1": 0.3940856970428485,
    "roc_auc": 0.9795353244051762,
    "aupr": 0.35299139181368344,
    "balanced_accuracy": 0.681265624997067,
    "mcc": 0.3945179215041913,
    "kappa": 0.3931026638163042,
    "specificity": 0.9991478331883467,
    "threshold": 0.8077889447236182,
    "confusion_matrix": [
      [
        1013022,
        864
      ],
      [
        1144,
        653
      ]
    ],
    "confusion_matrix_dict": {
      "TN": 1013022,
      "FP": 864,
      "FN": 1144,
      "TP": 653
    },
    "top_k_metrics": {
      "precision_at_100": 0.88,
      "precision_at_500": 0.648,
      "precision_at_1000": 0.515
    }
  },
  "best_epoch": 69,
  "best_val_aupr": 0.3051411950463684,
  "total_training_time_sec": 2538.0377373999945,
  "batch_size": 8192,
  "eval_batch_size": 16384
}