{
  "train": {
    "precision": 0.6242180518319929,
    "recall": 0.44977462974887317,
    "f1": 0.5228293413173652,
    "roc_auc": 0.9927432903229142,
    "aupr": 0.5252924376716873,
    "balanced_accuracy": 0.7247491716831875,
    "mcc": 0.5294645262107143,
    "kappa": 0.5224215947415903,
    "specificity": 0.999723713617502,
    "threshold": 0.9703015075376885,
    "confusion_matrix": [
      [
        3043102,
        841
      ],
      [
        1709,
        1397
      ]
    ],
    "confusion_matrix_dict": {
      "TN": 3043102,
      "FP": 841,
      "FN": 1709,
      "TP": 1397
    },
    "top_k_metrics": {
      "precision_at_100": 1.0,
      "precision_at_500": 0.964,
      "precision_at_1000": 0.864
    }
  },
  "val": {
    "precision": 0.6100278551532033,
    "recall": 0.42277992277992277,
    "f1": 0.49942987457240595,
    "roc_auc": 0.9862911582696887,
    "aupr": 0.47949077206770613,
    "balanced_accuracy": 0.711251982368686,
    "mcc": 0.5074349764260021,
    "kappa": 0.49901151070364824,
    "specificity": 0.9997240419574492,
    "threshold": 0.9752261306532664,
    "confusion_matrix": [
      [
        1014367,
        280
      ],
      [
        598,
        438
      ]
    ],
    "confusion_matrix_dict": {
      "TN": 1014367,
      "FP": 280,
      "FN": 598,
      "TP": 438
    },
    "top_k_metrics": {
      "precision_at_100": 0.96,
      "precision_at_500": 0.718,
      "precision_at_1000": 0.492
    }
  },
  "test": {
    "precision": 0.5571776155717761,
    "recall": 0.442512077294686,
    "f1": 0.49326871297792135,
    "roc_auc": 0.9854955329312083,
    "aupr": 0.46888050479392707,
    "balanced_accuracy": 0.7210766660964683,
    "mcc": 0.4960912745979347,
    "kappa": 0.4928111596009451,
    "specificity": 0.9996412548982504,
    "threshold": 0.9653768844221106,
    "confusion_matrix": [
      [
        1014284,
        364
      ],
      [
        577,
        458
      ]
    ],
    "confusion_matrix_dict": {
      "TN": 1014284,
      "FP": 364,
      "FN": 577,
      "TP": 458
    },
    "top_k_metrics": {
      "precision_at_100": 0.96,
      "precision_at_500": 0.714,
      "precision_at_1000": 0.492
    }
  },
  "best_epoch": 183,
  "best_val_aupr": 0.4794907720677061,
  "total_training_time_sec": 13824.304905900004,
  "batch_size": 8192,
  "eval_batch_size": 16384
}